Bremer,Iowa,Low
Butler,Iowa,Low
Buena Vista,Iowa,Low
Twin Falls,Idaho,Low
Pocahontas,Iowa,Low
Humboldt,Iowa,Low
Wright,Iowa,Low
Franklin,Iowa,Low
Otsego,New York,Low
Holt,Nebraska,Low
Essex,Massachusetts,Medium
Knox,Nebraska,Low
Cedar,Nebraska,Low
Jerome,Idaho,Low
Schoharie,New York,Low
Brown,Nebraska,Low
Lafayette,Wisconsin,Low
Albany,New York,Low
Rock,Nebraska,Low
Josephine,Oregon,Medium
Lake of the Woods,Minnesota,Low
Dixon,Nebraska,Low
Ferry,Washington,Low
Berkshire,Massachusetts,Low
Stevens,Washington,Low
Franklin,Massachusetts,Low
Okanogan,Washington,Medium
Pend Oreille,Washington,Low
Middlesex,Massachusetts,Medium
Boundary,Idaho,Low
Worcester,Massachusetts,Low
Lincoln,Montana,Medium
Dubuque,Iowa,Low
Cassia,Idaho,Low
Flathead,Montana,Medium
Webster,Iowa,Low
Rich,Utah,Medium
Delaware,Iowa,Low
Glacier,Montana,Medium
Buchanan,Iowa,Low
Black Hawk,Iowa,Low
Toole,Montana,Medium
Goshen,Wyoming,Low
Scotts Bluff,Nebraska,Low
Platte,Wyoming,Low
Liberty,Montana,Low
Bear Lake,Idaho,Medium
Morrill,Nebraska,Low
Hill,Montana,Low
Woodbury,Iowa,Low
Sheridan,Montana,Low
Wayne,Pennsylvania,Low
Ida,Iowa,Low
Sac,Iowa,Low
Divide,North Dakota,Low
Del Norte,California,High
Calhoun,Iowa,Low
Hamilton,Iowa,Low
Humboldt,Nevada,Medium
Burke,North Dakota,Low
Renville,North Dakota,Low
Hampshire,Massachusetts,Low
Elko,Nevada,Medium
Bottineau,North Dakota,Low
Modoc,California,Medium
Hardin,Iowa,Low
Rolette,North Dakota,Low
Washoe,Nevada,Medium
Grundy,Iowa,Low
Dakota,Nebraska,Low
Towner,North Dakota,Low
Delaware,New York,Low
Cavalier,North Dakota,Low
Cedar,Iowa,Low
Jo Daviess,Illinois,Low
Pembina,North Dakota,Low
Columbia,New York,Low
Boone,Nebraska,Low
Oneida,Idaho,Medium
Kittson,Minnesota,Low
Greene,New York,Low
Roseau,Minnesota,Low
Jasper,Iowa,Low
Suffolk,Massachusetts,Low
Blaine,Montana,Low
Polk,Iowa,Low
Poweshiek,Iowa,Low
Harrison,Iowa,Low
Phillips,Montana,Low
Valley,Montana,Low
Guthrie,Iowa,Low
Carbon,Wyoming,Medium
Shelby,Iowa,Low
Daniels,Montana,Low
Whatcom,Washington,Medium
Audubon,Iowa,Low
Pierce,Nebraska,Low
Bonner,Idaho,Low
Iowa,Iowa,Low
Box Butte,Nebraska,Low
Ward,North Dakota,Low
Dallas,Iowa,Low
Koochiching,Minnesota,Low
Antelope,Nebraska,Low
Johnson,Iowa,Low
Skagit,Washington,Medium
Rock Island,Illinois,Low
Williams,North Dakota,Low
Scott,Iowa,Low
Albany,Wyoming,Medium
McHenry,North Dakota,Low
Bristol,Rhode Island,Low
Franklin,Idaho,Medium
St. Louis,Minnesota,Low
Jackson,Iowa,Low
San Juan,Washington,High
Hubbard,Minnesota,Low
Roosevelt,Montana,Low
Wayne,Nebraska,Low
Benewah,Idaho,Low
Mountrail,North Dakota,Low
Kent,Rhode Island,Low
Hampden,Massachusetts,Low
Colfax,Nebraska,Low
Marshall,Minnesota,Low
Jones,Iowa,Low
Dodge,Nebraska,Low
Ramsey,North Dakota,Low
Benton,Iowa,Low
Walsh,North Dakota,Low
Wibaux,Montana,Low
Beltrami,Minnesota,Low
Golden Valley,North Dakota,Low
Platte,Nebraska,Low
Pierce,North Dakota,Low
Linn,Iowa,Low
Billings,North Dakota,Low
Chelan,Washington,Medium
Stutsman,North Dakota,Low
Arthur,Nebraska,Low
Kidder,North Dakota,Low
Tama,Iowa,Low
Greeley,Nebraska,Low
Pondera,Montana,Medium
Burleigh,North Dakota,Low
McPherson,Nebraska,Low
Thurston,Nebraska,Low
Clallam,Washington,High
Pierce,Washington,Medium
Sweetwater,Wyoming,Medium
Benson,North Dakota,Low
Logan,Nebraska,Low
Chouteau,Montana,Low
Plymouth,Massachusetts,Low
Custer,Nebraska,Low
Oliver,North Dakota,Low
Snohomish,Washington,Medium
Norfolk,Massachusetts,Low
Adams,Washington,Medium
Whitman,Washington,Low
Valley,Nebraska,Low
Island,Washington,High
Barnes,North Dakota,Low
Will,Illinois,Low
Monona,Iowa,Low
Sanders,Montana,Medium
Cass,North Dakota,Low
Crawford,Iowa,Low
Lake,Minnesota,Low
Prairie,Montana,Low
Nelson,North Dakota,Low
Carroll,Iowa,Low
Grand Forks,North Dakota,Low
Becker,Minnesota,Low
Clay,Minnesota,Low
Polk,Minnesota,Low
Greene,Iowa,Low
Thurston,Washington,High
Lucas,Ohio,Low
Pennington,Minnesota,Low
Kendall,Illinois,Low
Latah,Idaho,Low
Umatilla,Oregon,Medium
Douglas,Washington,Medium
McKenzie,North Dakota,Low
Lake,Indiana,Low
Wallowa,Oregon,Medium
Meagher,Montana,Low
Jefferson,Washington,High
Price,Wisconsin,Low
Campbell,South Dakota,Low
Yakima,Washington,Medium
Richland,Montana,Low
Harding,South Dakota,Low
Teton,Montana,Low
Porter,Indiana,Low
McPherson,South Dakota,Low
McCone,Montana,Low
Perkins,South Dakota,Low
Corson,South Dakota,Low
Shoshone,Idaho,Low
Aitkin,Minnesota,Low
Brown,South Dakota,Low
Spokane,Washington,Low
Beaverhead,Montana,Medium
Stark,North Dakota,Low
Marshall,South Dakota,Low
Lake,Montana,Medium
Morton,North Dakota,Low
Fulton,Ohio,Low
Roberts,South Dakota,Low
Clearwater,Minnesota,Low
Kootenai,Idaho,Low
Morrow,Oregon,Medium
Garfield,Montana,Low
Bayfield,Wisconsin,Low
Union,Oregon,Medium
Geauga,Ohio,Low
Red Lake,Minnesota,Low
Madison,Montana,Medium
Grant,Washington,Medium
Benton,Minnesota,Low
Lincoln,Washington,Low
Gilliam,Oregon,Medium
Clearwater,Idaho,Low
New London,Connecticut,Low
Powder River,Montana,Low
Custer,Montana,Low
Stearns,Minnesota,Low
Rosebud,Montana,Low
Williams,Ohio,Low
Tillamook,Oregon,High
Washington,Oregon,Medium
Granite,Montana,Medium
Banner,Nebraska,Low
Pope,Minnesota,Low
Stevens,Minnesota,Low
Wadena,Minnesota,Low
Washington,Nebraska,Low
Isanti,Minnesota,Low
Crow Wing,Minnesota,Low
Chisago,Minnesota,Low
Newport,Rhode Island,Low
Pacific,Washington,High
Sherman,Oregon,Medium
Lewis,Washington,Medium
Fairfield,Connecticut,Low
Polk,Wisconsin,Low
Multnomah,Oregon,Medium
Broadwater,Montana,Medium
Hood River,Oregon,Medium
Laramie,Wyoming,Low
Carlton,Minnesota,Low
Wyoming,Pennsylvania,Low
Wasco,Oregon,Medium
Golden Valley,Montana,Low
Douglas,Wisconsin,Low
Washington,Rhode Island,Low
Musselshell,Montana,Low
Lemhi,Idaho,Medium
Middlesex,Connecticut,Low
Wheatland,Montana,Low
Washington,Maine,Low
Franklin,Washington,Medium
Franklin,Maine,Low
Benton,Washington,Medium
New Haven,Connecticut,Low
Grant,North Dakota,Low
Barron,Wisconsin,Low
Lackawanna,Pennsylvania,Low
Otter Tail,Minnesota,Low
Rusk,Wisconsin,Low
LaSalle,Illinois,Low
Garfield,Washington,Low
Weber,Utah,Medium
Day,South Dakota,Low
Ashland,Wisconsin,Low
Cuyahoga,Ohio,Low
Sherman,Nebraska,Low
Big Stone,Minnesota,Low
Venango,Pennsylvania,Low
Logan,North Dakota,Low
Sherburne,Minnesota,Low
Forest,Pennsylvania,Low
Howard,Nebraska,Low
Ziebach,South Dakota,Low
Emmons,North Dakota,Low
Lincoln,Nebraska,Low
LaMoure,North Dakota,Low
Dewey,South Dakota,Low
Ottawa,Ohio,Low
Merrick,Nebraska,Low
Slope,North Dakota,Low
Clackamas,Oregon,Medium
Hettinger,North Dakota,Low
Cameron,Pennsylvania,Low
Wright,Minnesota,Low
Nantucket,Massachusetts,Low
Ransom,North Dakota,Low
Yamhill,Oregon,Medium
Keith,Nebraska,Low
Richland,North Dakota,Low
Anoka,Minnesota,Low
Wood,Ohio,Low
Wilkin,Minnesota,Low
Kimball,Nebraska,Low
Kandiyohi,Minnesota,Low
Nez Perce,Idaho,Low
Columbia,Washington,Medium
Jefferson,Pennsylvania,Low
Pike,Pennsylvania,Low
Swift,Minnesota,Low
Taylor,Wisconsin,Low
Walla Walla,Washington,Medium
Lycoming,Pennsylvania,Low
Morgan,Utah,Medium
Iron,Wisconsin,Low
Oxford,Maine,Medium
Muscatine,Iowa,Low
Somerset,Maine,Medium
Trinity,California,High
Grant,South Dakota,Low
Meeker,Minnesota,Low
Westchester,New York,Medium
Lewis and Clark,Montana,Medium
Eau Claire,Wisconsin,Low
Coos,New Hampshire,Low
Piscataquis,Maine,Medium
Sullivan,Pennsylvania,Low
Sussex,New Jersey,Low
Kitsap,Washington,High
Washington,Idaho,Medium
Washington,Minnesota,Low
Jefferson,Montana,Medium
Itasca,Minnesota,Low
Jefferson,Oregon,Medium
Chippewa,Wisconsin,Low
Yellowstone,Montana,Low
Bureau,Illinois,Low
Scott,Minnesota,Low
Sheridan,North Dakota,Low
Marion,Oregon,Medium
Treasure,Montana,Low
Hamlin,South Dakota,Low
Lewis,Idaho,Low
Wells,North Dakota,Low
Lac qui Parle,Minnesota,Low
Henry,Illinois,Low
Summit,Ohio,Low
Lamoille,Vermont,Low
Asotin,Washington,Low
Adams,Idaho,Medium
McLean,North Dakota,Low
Sioux,North Dakota,Low
Potter,South Dakota,Low
Eddy,North Dakota,Low
Linn,Oregon,Medium
Uinta,Wyoming,Medium
Portage,Ohio,Low
Pine,Minnesota,Low
Faulk,South Dakota,Low
Dunn,North Dakota,Low
Penobscot,Maine,Medium
Stanley,South Dakota,Low
Hennepin,Minnesota,Low
Fergus,Montana,Low
Skamania,Washington,Medium
Mercer,Illinois,Low
Noble,Indiana,Low
Caledonia,Vermont,Low
Spink,South Dakota,Low
Dawson,Montana,Low
Waldo,Maine,Medium
St. Croix,Wisconsin,Low
King,Washington,Medium
Haakon,South Dakota,Low
Dunn,Wisconsin,Low
Cascade,Montana,Low
Butte,South Dakota,Low
DeKalb,Indiana,Low
Fremont,Idaho,Medium
Griggs,North Dakota,Low
Rockland,New York,Medium
Valley,Idaho,Medium
Steele,North Dakota,Low
Sibley,Minnesota,Low
Traill,North Dakota,Low
Clark,South Dakota,Low
Mason,Washington,High
Putnam,Illinois,Low
Codington,South Dakota,Low
Missoula,Montana,Medium
Chittenden,Vermont,Medium
Chippewa,Minnesota,Low
Petroleum,Montana,Low
Powell,Montana,Medium
Ramsey,Minnesota,Low
Columbia,Pennsylvania,Low
Kittitas,Washington,Medium
Kennebec,Maine,Medium
Pepin,Wisconsin,Low
Mineral,Montana,Medium
Huron,Ohio,Low
Teton,Wyoming,Medium
Cass,Minnesota,Low
Beadle,South Dakota,Low
Allen,Indiana,Low
Aroostook,Maine,Medium
Medina,Ohio,Low
Lyon,Minnesota,Low
Judith Basin,Montana,Low
Summit,Utah,Medium
Lincoln,Minnesota,Low
Centre,Pennsylvania,Low
Lawrence,South Dakota,Low
Clearfield,Pennsylvania,Low
Buffalo,Wisconsin,Low
Monroe,Pennsylvania,Low
Boone,Iowa,Low
Seneca,Ohio,Low
Trempealeau,Wisconsin,Low
Marshall,Iowa,Low
Jackson,Wisconsin,Low
Paulding,Ohio,Low
Story,Iowa,Low
Stark,Illinois,Low
Clark,Idaho,Medium
Ulster,New York,Low
Newton,Indiana,Low
Crook,Oregon,Low
Cuming,Nebraska,Low
Deuel,Nebraska,Low
Johnson,Wyoming,Medium
Bristol,Massachusetts,Low
Passaic,New Jersey,Medium
Hughes,South Dakota,Low
Stanton,Nebraska,Low
Sarpy,Nebraska,Low
Essex,New York,Medium
Madison,Nebraska,Low
Shasta,California,Medium
Le Sueur,Minnesota,Low
Grant,Nebraska,Low
Lassen,California,High
Loup,Nebraska,Low
Rice,Minnesota,Low
Hooker,Nebraska,Low
Kingsbury,South Dakota,Low
Northumberland,Pennsylvania,Low
Brookings,South Dakota,Low
Garfield,Nebraska,Low
Fulton,Indiana,Low
Pennington,South Dakota,Low
Gem,Idaho,Medium
Thomas,Nebraska,Low
Butler,Pennsylvania,Low
Brown,Minnesota,Low
Wheeler,Nebraska,Low
Armstrong,Pennsylvania,Low
Washington,Vermont,Low
Blaine,Nebraska,Low
Androscoggin,Maine,Medium
Pulaski,Indiana,Low
Nicollet,Minnesota,Low
Dutchess,New York,Low
Wabasha,Minnesota,Low
Montour,Pennsylvania,Low
Barnstable,Massachusetts,Low
Malheur,Oregon,Medium
Hancock,Ohio,Low
Burt,Nebraska,Low
Hancock,Maine,Low
Mills,Iowa,Low
Litchfield,Connecticut,Low
Grafton,New Hampshire,Medium
Adams,Iowa,Low
Bowman,North Dakota,Low
Lincoln,Oregon,High
Lane,Oregon,Medium
Adams,North Dakota,Low
Van Wert,Ohio,Low
Clark,Wisconsin,Low
Deer Lodge,Montana,Low
Windham,Connecticut,Low
Mille Lacs,Minnesota,Low
Essex,Vermont,Low
Clarke,Iowa,Low
Blue Earth,Minnesota,Low
Clatsop,Oregon,High
Wyandot,Ohio,Low
Grand Isle,Vermont,Medium
Juneau,Wisconsin,Low
Sweet Grass,Montana,Low
Franklin,Vermont,Medium
Butte,Idaho,Medium
Stark,Ohio,Low
Sullivan,New York,Low
Gallatin,Montana,Medium
Orleans,Vermont,Low
Wapello,Iowa,Low
Lyman,South Dakota,Low
Park,Montana,Medium
Clinton,New York,Medium
Peoria,Illinois,Low
Jefferson,Iowa,Low
Orange,Vermont,Low
Park,Wyoming,Medium
Waseca,Minnesota,Low
Providence,Rhode Island,Low
Columbia,Oregon,Medium
Buffalo,South Dakota,Low
Crook,Wyoming,Low
Union,Iowa,Low
Silver Bow,Montana,Medium
Big Horn,Wyoming,Medium
Jerauld,South Dakota,Low
Northampton,Pennsylvania,Low
Cache,Utah,Medium
Campbell,Wyoming,Low
Moody,South Dakota,Low
Washburn,Wisconsin,Low
Henry,Iowa,Low
Harrison,Missouri,Low
Custer,South Dakota,Low
Sheridan,Wyoming,Low
Pipestone,Minnesota,Low
Siskiyou,California,Medium
Hamilton,Nebraska,Low
Pershing,Nevada,Medium
Sawyer,Wisconsin,Low
Rutland,Vermont,Low
Tippecanoe,Indiana,Low
Franklin,New York,Medium
Garden,Nebraska,Low
Dodge,Minnesota,Low
Lucas,Iowa,Low
Worth,Missouri,Low
Grant,Oregon,Low
Burnett,Wisconsin,Low
Sanborn,South Dakota,Low
Box Elder,Utah,Medium
Monroe,Iowa,Low
Knox,Ohio,Low
McLeod,Minnesota,Low
Schuylkill,Pennsylvania,Low
Faribault,Minnesota,Low
Kanabec,Minnesota,Low
Minnehaha,South Dakota,Low
Carver,Minnesota,Low
Davis,Utah,Medium
Murray,Minnesota,Low
Nemaha,Nebraska,Low
Adams,Indiana,Low
Carter,Montana,Low
Rock,Minnesota,Low
Deuel,South Dakota,Low
Knox,Illinois,Low
Cottonwood,Minnesota,Low
Lebanon,Pennsylvania,Low
Wells,Indiana,Low
Dakota,Minnesota,Low
Stillwater,Montana,Low
Marshall,Illinois,Low
Freeborn,Minnesota,Low
Steele,Minnesota,Low
Logan,Ohio,Low
Union,Pennsylvania,Low
Grant,Minnesota,Low
Yellow Medicine,Minnesota,Low
Woodford,Illinois,Low
Gage,Nebraska,Low
Olmsted,Minnesota,Low
Carbon,Pennsylvania,Low
Sully,South Dakota,Low
Johnson,Nebraska,Low
Douglas,Minnesota,Low
Miner,South Dakota,Low
Mahoning,Ohio,Low
Morgan,Colorado,Low
Hyde,South Dakota,Low
Clark,Washington,Medium
Lawrence,Pennsylvania,Low
Bergen,New Jersey,Medium
Hand,South Dakota,Low
Klickitat,Washington,Medium
Union,Ohio,Low
Livingston,Illinois,Low
Renville,Minnesota,Low
Nobles,Minnesota,Low
Warren,New Jersey,Low
Pierce,Wisconsin,Low
Vermilion,Illinois,Low
Custer,Idaho,Medium
Warren,Indiana,Low
Big Horn,Montana,Low
Shelby,Ohio,Medium
Columbiana,Ohio,Low
Washington,Pennsylvania,Low
Jackson,Minnesota,Low
Grand,Colorado,Medium
Traverse,Minnesota,Low
Martin,Minnesota,Low
Bronx,New York,Medium
Coshocton,Ohio,Low
Cass,Indiana,Low
Tehama,California,Medium
Houston,Minnesota,Low
White,Indiana,Low
Monmouth,New Jersey,Low
Mower,Minnesota,Low
Salt Lake,Utah,Medium
Fillmore,Minnesota,Low
Plumas,California,Medium
Allen,Ohio,Low
Delaware,Ohio,Low
Davison,South Dakota,Low
Indiana,Pennsylvania,Low
Montgomery,Pennsylvania,Low
Hanson,South Dakota,Low
Fremont,Iowa,Low
Mason,Illinois,Low
McCook,South Dakota,Low
Clinton,Indiana,Low
Page,Iowa,Low
York,Maine,Medium
Washington,New York,Low
Putnam,New York,Low
Yuma,Colorado,Low
Taylor,Iowa,Low
Ada,Idaho,Low
Nance,Nebraska,Low
Lorain,Ohio,Low
Warren,New York,Medium
Ringgold,Iowa,Low
Tripp,South Dakota,Low
Nassau,New York,Low
Mahaska,Iowa,Low
Belknap,New Hampshire,Medium
Davis,Iowa,Low
Pottawattamie,Iowa,Low
Van Buren,Iowa,Low
Vernon,Wisconsin,Low
Washington,Colorado,Low
Washington,Iowa,Low
Shannon,South Dakota,Low
Decatur,Iowa,Low
Marion,Iowa,Low
Wayne,Iowa,Low
Madison,Iowa,Low
Owyhee,Idaho,Low
Essex,New Jersey,Medium
Bonneville,Idaho,Medium
Warren,Iowa,Low
Appanoose,Iowa,Low
Keokuk,Iowa,Low
Bingham,Idaho,Medium
Harrison,Ohio,Low
Snyder,Pennsylvania,Low
Cass,Iowa,Low
Klamath,Oregon,Medium
Adair,Iowa,Low
New York,New York,Medium
Lake,Oregon,Medium
Uintah,Utah,Medium
Mercer,New Jersey,Low
Sandusky,Ohio,Low
Coos,Oregon,High
Merrimack,New Hampshire,Medium
Trumbull,Ohio,Low
Beaver,Pennsylvania,Low
Sullivan,New Hampshire,Medium
Mifflin,Pennsylvania,Low
Tipton,Indiana,Low
Mercer,Pennsylvania,Low
Strafford,New Hampshire,Medium
Duchesne,Utah,Medium
Marshall,Indiana,Low
Richland,Wisconsin,Low
Hudson,New Jersey,Medium
Champaign,Illinois,Low
Lee,Iowa,Low
Henry,Ohio,Low
Natrona,Wyoming,Medium
Brooke,West Virginia,Low
Hardin,Ohio,Low
Clinton,Pennsylvania,Low
Gregory,South Dakota,Low
Queens,New York,Medium
Niobrara,Wyoming,Low
Dukes,Massachusetts,Low
Madison,Indiana,Low
Otoe,Nebraska,Low
Grundy,Illinois,Low
Charles Mix,South Dakota,Low
Humboldt,California,High
Lehigh,Pennsylvania,Low
Turner,South Dakota,Low
Delaware,Indiana,Low
Hunterdon,New Jersey,Low
Butler,Nebraska,Low
Lincoln,South Dakota,Low
Saunders,Nebraska,Low
Suffolk,New York,Low
Erie,Ohio,Low
Gentry,Missouri,Low
McLean,Illinois,Low
Worth,Iowa,Low
Sullivan,Missouri,Low
Kosciusko,Indiana,Low
Mitchell,Iowa,Low
Somerset,New Jersey,Low
Carroll,Indiana,Low
Starke,Indiana,Low
Allamakee,Iowa,Low
Clarion,Pennsylvania,Low
Tazewell,Illinois,Low
Winnebago,Iowa,Low
Fountain,Indiana,Low
Cheyenne,Nebraska,Low
Blair,Pennsylvania,Low
Winneshiek,Iowa,Low
Defiance,Ohio,Low
Benton,Indiana,Low
Darke,Ohio,Low
Converse,Wyoming,Medium
Phillips,Colorado,Low
Osceola,Iowa,Low
Huntingdon,Pennsylvania,Low
Dickinson,Iowa,Low
Kings,New York,Medium
Thayer,Nebraska,Low
Kossuth,Iowa,Low
Cambria,Pennsylvania,Low
Howard,Iowa,Low
Union,New Jersey,Medium
Emmet,Iowa,Low
Jefferson,Nebraska,Low
Mercer,Ohio,Low
Lyon,Iowa,Low
Carroll,Ohio,Low
Douglas,South Dakota,Low
Hutchinson,South Dakota,Low
Adair,Missouri,Low
Fulton,Illinois,Low
Fall River,South Dakota,Low
Morrow,Ohio,Low
Sublette,Wyoming,Medium
Marion,Ohio,Low
Crawford,Wisconsin,Low
Dundy,Nebraska,Low
Saline,Nebraska,Low
Saratoga,New York,Low
Franklin,Nebraska,Low
Adams,Nebraska,Low
Bennett,South Dakota,Low
Clay,Nebraska,Low
Webster,Nebraska,Low
Todd,South Dakota,Low
Fillmore,Nebraska,Low
Nuckolls,Nebraska,Low
Bennington,Vermont,Low
Juniata,Pennsylvania,Low
Hitchcock,Nebraska,Low
Lincoln,Wyoming,Medium
Hayes,Nebraska,Low
Harlan,Nebraska,Low
Fulton,New York,Low
Furnas,Nebraska,Low
Chase,Nebraska,Low
Rockingham,New Hampshire,Medium
Red Willow,Nebraska,Low
Frontier,Nebraska,Low
Sioux,Iowa,Low
Windham,Vermont,Low
Gosper,Nebraska,Low
Logan,Illinois,Low
O'Brien,Iowa,Low
Auglaize,Ohio,Medium
Cerro Gordo,Iowa,Low
Bedford,Pennsylvania,Low
Clay,Iowa,Low
Hancock,Iowa,Low
Palo Alto,Iowa,Low
Cumberland,Pennsylvania,Low
Lake,South Dakota,Low
Floyd,Iowa,Low
Winona,Minnesota,Low
Randolph,Indiana,Low
Weston,Wyoming,Low
Jones,South Dakota,Low
Cumberland,Maine,Medium
Lancaster,Pennsylvania,Low
Washakie,Wyoming,Medium
Monroe,Wisconsin,Low
Payette,Idaho,Low
Knox,Missouri,Low
Hamilton,New York,Medium
Franklin,Pennsylvania,Low
Watonwan,Minnesota,Low
Tooele,Utah,Medium
Herkimer,New York,Low
Morris,New Jersey,Low
La Crosse,Wisconsin,Low
Piatt,Illinois,Low
Elmore,Idaho,Medium
Des Moines,Iowa,Low
De Witt,Illinois,Low
Hot Springs,Wyoming,Medium
Somerset,Pennsylvania,Low
Henderson,Illinois,Low
Schuyler,Illinois,Low
Warren,Illinois,Low
Licking,Ohio,Low
Cass,Nebraska,Low
Champaign,Ohio,Low
Ashland,Ohio,Low
Holt,Missouri,Low
Wabash,Indiana,Low
Richardson,Nebraska,Low
Jefferson,Idaho,Medium
Seward,Nebraska,Low
Pawnee,Nebraska,Low
Lancaster,Nebraska,Low
Harney,Oregon,Medium
Grundy,Missouri,Low
Buffalo,Nebraska,Low
Sagadahoc,Maine,Medium
Boulder,Colorado,Low
Dawson,Nebraska,Low
Fremont,Wyoming,Medium
Lewis,Missouri,Low
York,Nebraska,Low
Jackson,South Dakota,Low
Chester,Pennsylvania,Low
Hall,Nebraska,Low
Hamilton,Indiana,Low
Blaine,Idaho,Medium
Huntington,Indiana,Low
York,Pennsylvania,Low
Teton,Idaho,Medium
Montgomery,Indiana,Low
Windsor,Vermont,Low
Iroquois,Illinois,Low
Douglas,Oregon,Medium
Miami,Indiana,Low
Aurora,South Dakota,Low
Ford,Illinois,Low
Brule,South Dakota,Low
Moffat,Colorado,Medium
Madison,Idaho,Medium
Weld,Colorado,Low
Canyon,Idaho,Low
Mellette,South Dakota,Low
Jackson,Colorado,Medium
Camas,Idaho,Medium
Perkins,Nebraska,Low
Logan,Colorado,Low
Sedgwick,Colorado,Low
Routt,Colorado,Medium
Larimer,Colorado,Low
Daggett,Utah,Medium
Crawford,Ohio,Low
Lander,Nevada,Medium
Rio Blanco,Colorado,Medium
Guernsey,Ohio,Low
Adams,Illinois,Low
Miami,Ohio,Low
Ohio,West Virginia,Low
Boone,Indiana,Low
Burlington,New Jersey,Low
Vermillion,Indiana,Low
Menard,Illinois,Low
Belmont,Ohio,Low
Ocean,New Jersey,Low
Fulton,Pennsylvania,Low
Muskingum,Ohio,Low
Butte,California,Medium
Daviess,Missouri,Low
Franklin,Ohio,Low
Fayette,Pennsylvania,Low
Philadelphia,Pennsylvania,Low
Kearney,Nebraska,Low
Andrew,Missouri,Low
Cass,Illinois,Low
White Pine,Nevada,Medium
Wasatch,Utah,Medium
Madison,Ohio,Low
Brown,Illinois,Low
Phelps,Nebraska,Low
Garfield,Colorado,Medium
Henry,Indiana,Low
Berks,Pennsylvania,Low
Adams,Pennsylvania,Low
Delaware,Pennsylvania,Low
Chickasaw,Iowa,Low
Westmoreland,Pennsylvania,Low
Macon,Illinois,Low
Iowa,Wisconsin,Low
Allegheny,Pennsylvania,Low
DeKalb,Missouri,Low
Grant,Wisconsin,Low
Grant,Indiana,Low
Hillsborough,New Hampshire,Medium
Holmes,Ohio,Low
Lincoln,Idaho,Low
Dauphin,Pennsylvania,Low
Gooding,Idaho,Low
Tuscarawas,Ohio,Low
Minidoka,Idaho,Low
Richmond,New York,Medium
Cheshire,New Hampshire,Medium
Hancock,Illinois,Low
Yankton,South Dakota,Low
McDonough,Illinois,Low
Bon Homme,South Dakota,Low
Power,Idaho,Low
Perry,Pennsylvania,Low
Union,South Dakota,Low
Hancock,West Virginia,Low
Clay,South Dakota,Low
Bucks,Pennsylvania,Low
Fayette,Iowa,Low
Clark,Missouri,Low
Clayton,Iowa,Low
Scotland,Missouri,Low
Schuyler,Missouri,Low
Montgomery,New York,Low
Middlesex,New Jersey,Low
Caribou,Idaho,Medium
Bannock,Idaho,Medium
Jefferson,Ohio,Low
Sioux,Nebraska,Low
Blackford,Indiana,Low
Dawes,Nebraska,Low
Putnam,Missouri,Low
Sheridan,Nebraska,Low
Atchison,Missouri,Low
Jackson,Oregon,Medium
Jay,Indiana,Low
Keya Paha,Nebraska,Low
Utah,Utah,Medium
Boyd,Nebraska,Low
Cherry,Nebraska,Low
Nodaway,Missouri,Low
Mercer,Missouri,Low
Curry,Oregon,High
Howard,Indiana,Low
Rensselaer,New York,Low
Schenectady,New York,Low
Plymouth,Iowa,Low
Washington,Arkansas,Low
Orange,North Carolina,Low
Durham,North Carolina,Low
Gibson,Tennessee,High
Harding,New Mexico,Low
Sandoval,New Mexico,Low
Dyer,Tennessee,High
Nash,North Carolina,Low
Knox,Tennessee,Medium
Jefferson,Tennessee,Medium
Cocke,Tennessee,Medium
Cherokee,Oklahoma,Low
Creek,Oklahoma,Low
Cumberland,Tennessee,Medium
Adair,Oklahoma,Low
Kingfisher,Oklahoma,Low
Logan,Oklahoma,Low
Wagoner,Oklahoma,Low
Blaine,Oklahoma,Low
Dewey,Oklahoma,Low
Carroll,Tennessee,Medium
Mitchell,North Carolina,Medium
Edgecombe,North Carolina,Low
DeKalb,Tennessee,Low
Newton,Arkansas,Low
Searcy,Arkansas,Medium
Caldwell,North Carolina,Low
Stone,Arkansas,Medium
Rutherford,Tennessee,Low
White,Tennessee,Low
Yancey,North Carolina,Medium
Martin,North Carolina,Low
Wake,North Carolina,Low
Roberts,Texas,Low
Hemphill,Texas,Low
Roane,Tennessee,Medium
Hutchinson,Texas,Low
Hartley,Texas,Low
Williamson,Tennessee,Low
Moore,Texas,Low
Madison,North Carolina,Medium
Iredell,North Carolina,Low
Davie,North Carolina,Low
Sevier,Tennessee,Medium
Alexander,North Carolina,Low
Davidson,North Carolina,Low
Roger Mills,Oklahoma,Low
Santa Fe,New Mexico,Medium
McKinley,New Mexico,Low
Hickman,Tennessee,Medium
Mississippi,Arkansas,High
Crockett,Tennessee,High
Burke,North Carolina,Low
Craighead,Arkansas,High
Los Alamos,New Mexico,Medium
Cannon,Tennessee,Low
Washington,North Carolina,Low
Tyrrell,North Carolina,Low
McDowell,North Carolina,Low
Lauderdale,Tennessee,High
Lincoln,Oklahoma,Low
Independence,Arkansas,Medium
Randolph,North Carolina,Low
Loudon,Tennessee,Medium
Jackson,Arkansas,Medium
San Miguel,New Mexico,Low
Blount,Tennessee,Medium
Chatham,North Carolina,Low
Muskogee,Oklahoma,Low
Okmulgee,Oklahoma,Low
Warren,Tennessee,Low
Decatur,Tennessee,Medium
Maury,Tennessee,Low
Wilson,North Carolina,Low
Rowan,North Carolina,Low
Perry,Tennessee,Medium
Rhea,Tennessee,Medium
Van Buren,Tennessee,Medium
Pitt,North Carolina,Low
Henderson,Tennessee,Medium
Catawba,North Carolina,Low
Haywood,Tennessee,High
Buncombe,North Carolina,Medium
Johnston,North Carolina,Low
Custer,Oklahoma,Low
Kern,California,High
San Bernardino,California,High
San Luis Obispo,California,High
Madison,Tennessee,Medium
Van Buren,Arkansas,Medium
Haywood,North Carolina,Medium
Bledsoe,Tennessee,Medium
Franklin,Arkansas,Low
Johnson,Arkansas,Low
Dare,North Carolina,Low
Crawford,Arkansas,Low
Meigs,Tennessee,Medium
Quay,New Mexico,Low
Beaufort,North Carolina,Low
Pope,Arkansas,Medium
Marion,Illinois,Medium
Yuba,California,Medium
Huerfano,Colorado,Low
Storey,Nevada,High
Scott,Indiana,Low
Johnson,Kentucky,Low
Berkeley,West Virginia,Low
Page,Virginia,Low
Jessamine,Kentucky,Low
Bracken,Kentucky,Low
Carroll,Missouri,Low
Gray,Kansas,Low
Vigo,Indiana,Low
Hancock,Kentucky,Medium
Grant,Kentucky,Low
St. Louis city,Missouri,Medium
Nelson,Kentucky,Low
Randolph,Missouri,Low
Manassas Park,Virginia,Low
Raleigh,West Virginia,Low
Clay,Indiana,Low
Washington,Indiana,Low
Mingo,West Virginia,Low
Tyler,West Virginia,Low
Manassas,Virginia,Low
King and Queen,Virginia,Low
Pike,Missouri,Low
Calvert,Maryland,Low
Warren,Ohio,Low
Henderson,Kentucky,Medium
Reynolds,Missouri,Medium
Geary,Kansas,Low
San Juan,Colorado,Medium
Carroll,Kentucky,Low
Butler,Ohio,Low
Lake,California,High
Mercer,Kentucky,Low
Mason,Kentucky,Low
Clinton,Ohio,Low
Mineral,Colorado,Medium
Kit Carson,Colorado,Low
Macon,Missouri,Low
Martin,Kentucky,Low
Greenup,Kentucky,Low
Shawnee,Kansas,Low
Clark,Ohio,Low
Elk,Kansas,Low
Sherman,Kansas,Low
Alleghany,Virginia,Low
Lyon,Kentucky,Medium
Thomas,Kansas,Low
Linn,Missouri,Low
Jackson,Illinois,Medium
Effingham,Illinois,Medium
Bollinger,Missouri,Medium
Clinton,Illinois,Medium
Marshall,West Virginia,Low
Sheridan,Kansas,Low
Powell,Kentucky,Low
Lincoln,Kansas,Low
Daviess,Kentucky,Medium
Delta,Colorado,Medium
Greene,Pennsylvania,Low
Cape Girardeau,Missouri,High
Clay,Kansas,Low
Webster,West Virginia,Low
Metcalfe,Kentucky,Low
Robertson,Tennessee,Low
Gallatin,Illinois,Medium
Wayne,Indiana,Low
Gloucester,Virginia,Low
Trimble,Kentucky,Low
Wabaunsee,Kansas,Low
Cumberland,New Jersey,Low
Madison,Kentucky,Low
Mercer,West Virginia,Low
Sacramento,California,Medium
Winchester,Virginia,Low
Juab,Utah,Medium
Saline,Illinois,Medium
Dade,Missouri,Low
Lincoln,Colorado,Low
Miami,Kansas,Low
Jackson,Ohio,Low
Churchill,Nevada,Medium
King William,Virginia,Low
Jackson,Kentucky,Low
Norton,Kansas,Low
Elbert,Colorado,Low
Cole,Missouri,Low
Ford,Kansas,Low
Meigs,Ohio,Low
Fresno,California,High
Phillips,Kansas,Low
Wyandotte,Kansas,Low
Pocahontas,West Virginia,Low
Sedgwick,Kansas,Low
Riley,Kansas,Low
Poquoson,Virginia,Low
Harrison,Indiana,Low
Washington,Kentucky,Low
Rawlins,Kansas,Low
Jennings,Indiana,Low
Lyon,Kansas,Low
Hopkins,Kentucky,Medium
Sumner,Tennessee,Low
Park,Colorado,Medium
Barren,Kentucky,Low
Wayne,West Virginia,Low
Goochland,Virginia,Medium
Pike,Ohio,Low
Franklin,Kansas,Low
Montgomery,Tennessee,Medium
Cheyenne,Kansas,Low
Chesterfield,Virginia,Low
Rooks,Kansas,Low
Perry,Missouri,Medium
Floyd,Indiana,Low
Christian,Kentucky,Medium
Crawford,Illinois,Medium
Owen,Kentucky,Low
Macon,Tennessee,Low
Douglas,Colorado,Low
Orange,Virginia,Low
Appomattox,Virginia,Low
Radford,Virginia,Low
Decatur,Kansas,Low
Jasper,Illinois,Medium
Lewis,Kentucky,Low
Dunklin,Missouri,High
Union,Kentucky,Medium
Isle of Wight,Virginia,Low
Republic,Kansas,Low
Osborne,Kansas,Low
Northampton,Virginia,Low
Rowan,Kentucky,Low
Clay,Tennessee,Low
Wirt,West Virginia,Low
Gasconade,Missouri,Low
Dolores,Colorado,Low
Pickett,Tennessee,Low
Casey,Kentucky,Low
Russell,Virginia,Medium
Pottawatomie,Kansas,Low
Doniphan,Kansas,Low
Greene,Indiana,Medium
Linn,Kansas,Low
Osage,Missouri,Low
Stoddard,Missouri,High
McDowell,West Virginia,Low
Graham,Kansas,Low
Bristol,Virginia,Medium
Dallas,Missouri,Low
Lewis,West Virginia,Low
Charles,Maryland,Low
Anderson,Kansas,Low
Floyd,Virginia,Low
Mendocino,California,High
Crittenden,Kentucky,Medium
Alameda,California,High
Sullivan,Tennessee,Medium
Mitchell,Kansas,Low
Nye,Nevada,Medium
Mono,California,High
Jefferson,Kentucky,Low
Lunenburg,Virginia,Low
Smith,Kansas,Low
Mariposa,California,Medium
Johnson,Tennessee,Medium
Montgomery,Missouri,Low
Athens,Ohio,Low
Kane,Utah,Medium
Franklin,Missouri,Medium
Sussex,Virginia,Low
Spotsylvania,Virginia,Low
Cedar,Missouri,Low
Jewell,Kansas,Low
Noble,Oklahoma,Low
Millard,Utah,Medium
Boone,Kentucky,Low
Owsley,Kentucky,Low
Dorchester,Maryland,Low
Hampton,Virginia,Low
Magoffin,Kentucky,Low
Washington,Kansas,Low
King George,Virginia,Low
Scott,Tennessee,Medium
Caroline,Maryland,Low
Culpeper,Virginia,Low
Carter,Missouri,Medium
Hampshire,West Virginia,Low
Laclede,Missouri,Low
Rockcastle,Kentucky,Low
Adams,Colorado,Low
Rogers,Oklahoma,Low
Lincoln,West Virginia,Low
Amador,California,Medium
Logan,Kansas,Low
Christian,Missouri,Low
Williamson,Illinois,Medium
Knott,Kentucky,Low
Platte,Missouri,Low
Hancock,Tennessee,Medium
Trego,Kansas,Low
Scott,Kansas,Low
Mississippi,Missouri,High
Franklin,Kentucky,Low
Nemaha,Kansas,Low
Summers,West Virginia,Low
Montgomery,Illinois,Medium
Buchanan,Virginia,Low
Claiborne,Tennessee,Medium
Morgan,Missouri,Low
Ellis,Kansas,Low
Bourbon,Kentucky,Low
Todd,Kentucky,Medium
Gove,Kansas,Low
Wichita,Kansas,Low
Macoupin,Illinois,Medium
Marshall,Kansas,Low
Mathews,Virginia,Low
Wolfe,Kentucky,Low
Shelby,Kentucky,Low
Prince George's,Maryland,Low
Brown,Kansas,Low
Campbell,Tennessee,Medium
Logan,Kentucky,Low
Lane,Kansas,Low
Ray,Missouri,Low
Amelia,Virginia,Medium
Estill,Kentucky,Low
Camden,New Jersey,Low
Pawnee,Kansas,Low
Ness,Kansas,Low
Ellis,Oklahoma,Low
Greene,Illinois,Low
Wallace,Kansas,Low
Wythe,Virginia,Low
Charles City,Virginia,Low
Lancaster,Virginia,Low
Ouray,Colorado,Medium
Greeley,Kansas,Low
Russell,Kansas,Low
Sangamon,Illinois,Low
Garfield,Oklahoma,Low
Douglas,Missouri,Low
Rio Grande,Colorado,Low
Webster,Missouri,Low
Marin,California,High
Dickinson,Kansas,Low
Hawkins,Tennessee,Medium
Livingston,Missouri,Low
Grand,Utah,Medium
Fremont,Colorado,Low
Marshall,Kentucky,Medium
Garrard,Kentucky,Low
Wright,Missouri,Low
Fredericksburg,Virginia,Low
El Paso,Colorado,Low
Rush,Kansas,Low
Ashe,North Carolina,Low
Parke,Indiana,Low
Franklin,Indiana,Low
Polk,Missouri,Low
Teller,Colorado,Low
Santa Clara,California,High
Bath,Kentucky,Low
Newton,Missouri,Low
Fentress,Tennessee,Low
Nevada,California,Medium
Shelby,Missouri,Low
Pratt,Kansas,Low
Barton,Kansas,Low
Alleghany,North Carolina,Low
Hancock,Indiana,Low
Taylor,Kentucky,Low
Randolph,West Virginia,Low
San Joaquin,California,Medium
Ross,Ohio,Low
Howell,Missouri,Medium
Amherst,Virginia,Low
Orange,Indiana,Low
Surry,North Carolina,Low
Jefferson,West Virginia,Low
Somerset,Maryland,Low
Marion,Missouri,Low
Campbell,Kentucky,Low
Knox,Kentucky,Medium
Giles,Virginia,Low
Putnam,West Virginia,Low
Fulton,Kentucky,High
San Francisco,California,High
Noble,Ohio,Low
Clark,Illinois,Medium
Halifax,Virginia,Low
Upshur,West Virginia,Low
Sumner,Kansas,Low
Pawnee,Oklahoma,Low
Covington,Virginia,Low
Maries,Missouri,Low
Marion,Indiana,Low
Gilmer,West Virginia,Low
Lincoln,Nevada,Medium
Pleasants,West Virginia,Low
Brunswick,Virginia,Low
Cowley,Kansas,Low
Currituck,North Carolina,Low
Las Animas,Colorado,Low
Fairfield,Ohio,Low
Westmoreland,Virginia,Low
Montrose,Colorado,Low
Harlan,Kentucky,Medium
Douglas,Nevada,High
Lynchburg,Virginia,Low
Northampton,North Carolina,Low
Harrison,West Virginia,Low
Lexington,Virginia,Low
Albemarle,Virginia,Low
Hendricks,Indiana,Low
Clay,West Virginia,Low
Meade,Kansas,Low
Wyoming,West Virginia,Low
Hertford,North Carolina,Low
Smyth,Virginia,Low
Shenandoah,Virginia,Low
Owen,Indiana,Low
Trigg,Kentucky,Medium
Botetourt,Virginia,Low
Clark,Kansas,Low
Camden,North Carolina,Low
Gilpin,Colorado,Medium
Lawrence,Kentucky,Low
Jackson,West Virginia,Low
St. Clair,Illinois,Medium
Frederick,Virginia,Low
Green,Kentucky,Low
Buckingham,Virginia,Medium
Navajo,Arizona,Low
Kenton,Kentucky,Low
Dent,Missouri,Medium
Perry,Ohio,Low
Elliott,Kentucky,Low
Gates,North Carolina,Low
Clay,Missouri,Low
Kanawha,West Virginia,Low
Barber,Kansas,Low
Coconino,Arizona,Low
Mineral,Nevada,High
Middlesex,Virginia,Low
Warren,North Carolina,Low
James City,Virginia,Low
Doddridge,West Virginia,Low
Montgomery,Ohio,Low
Madison,Virginia,Low
Bath,Virginia,Low
Craig,Oklahoma,Low
Jackson,Indiana,Low
Madera,California,Medium
Preble,Ohio,Low
Stokes,North Carolina,Low
Taylor,West Virginia,Low
Nowata,Oklahoma,Low
Inyo,California,Medium
Greenbrier,West Virginia,Low
Floyd,Kentucky,Low
Kiowa,Colorado,Low
Caswell,North Carolina,Low
Summit,Colorado,Medium
Callaway,Missouri,Low
Ottawa,Oklahoma,Low
Decatur,Indiana,Low
Hart,Kentucky,Low
Pike,Kentucky,Low
Camden,Missouri,Low
Rockingham,North Carolina,Low
Wayne,Illinois,Medium
Douglas,Kansas,Low
Colusa,California,Medium
Osage,Oklahoma,Low
Eagle,Colorado,Medium
Cumberland,Virginia,Medium
Granville,North Carolina,Low
Clark,Indiana,Low
Perry,Kentucky,Low
Fayette,West Virginia,Low
Jefferson,Kansas,Low
El Dorado,California,Medium
Kay,Oklahoma,Low
Jefferson,Colorado,Low
Buena Vista,Virginia,Low
Person,North Carolina,Low
McPherson,Kansas,Low
Campbell,Virginia,Low
Prowers,Colorado,Low
Leavenworth,Kansas,Low
Iron,Missouri,Medium
Fairfax County,Virginia,Low
Washington,Oklahoma,Low
Edgar,Illinois,Low
Wood,West Virginia,Low
Robertson,Kentucky,Low
Vance,North Carolina,Low
Archuleta,Colorado,Low
Alamosa,Colorado,Medium
Cooper,Missouri,Low
Perry,Indiana,Low
Saline,Missouri,Low
Union,New Mexico,Low
Douglas,Illinois,Low
Henry,Kentucky,Low
Ohio,Kentucky,Medium
Bent,Colorado,Low
Greene,Missouri,Low
San Juan,New Mexico,Low
Chaffee,Colorado,Medium
Overton,Tennessee,Low
Gloucester,New Jersey,Low
Calhoun,Illinois,Low
Marion,Kansas,Low
Adams,Ohio,Low
Rio Arriba,New Mexico,Low
Stanton,Kansas,Low
White,Illinois,Medium
Shannon,Missouri,Medium
Jackson,Tennessee,Low
Morgan,Illinois,Low
Ritchie,West Virginia,Low
Stafford,Virginia,Low
Calhoun,West Virginia,Low
Hamilton,Illinois,Medium
Alfalfa,Oklahoma,Low
Mayes,Oklahoma,Low
Haskell,Kansas,Low
Livingston,Kentucky,Medium
Putnam,Indiana,Low
Cabell,West Virginia,Low
Johnson,Kansas,Low
Vinton,Ohio,Low
Halifax,North Carolina,Low
Hamilton,Kansas,Low
Grant,Kansas,Low
Muhlenberg,Kentucky,Medium
Highland,Virginia,Low
Grant,Oklahoma,Low
Larue,Kentucky,Low
Sevier,Utah,Medium
Monroe,Ohio,Low
Kent,Maryland,Low
Harrison,Kentucky,Low
Kearny,Kansas,Low
Major,Oklahoma,Low
Roanoke County,Virginia,Low
Kiowa,Kansas,Low
Beaver,Utah,Medium
Cimarron,Oklahoma,Low
Greene,Ohio,Low
Warren,Virginia,Low
Cumberland,Illinois,Medium
Otero,Colorado,Low
Pasquotank,North Carolina,Low
Wilson,Kansas,Low
Prince Edward,Virginia,Low
Pike,Illinois,Low
Woods,Oklahoma,Low
Cheyenne,Colorado,Low
Edwards,Illinois,Medium
Carter,Tennessee,Medium
Neosho,Kansas,Low
Butler,Kentucky,Low
Lake,Colorado,Medium
Custer,Colorado,Medium
Wabash,Illinois,Medium
Gallia,Ohio,Low
Mohave,Arizona,Low
Marion,Kentucky,Low
Lake,Tennessee,High
Conejos,Colorado,Medium
Highland,Ohio,Low
Clear Creek,Colorado,Medium
Ohio,Indiana,Low
Finney,Kansas,Low
Henry,Missouri,Low
Obion,Tennessee,High
Kingman,Kansas,Low
Wayne,Kentucky,Low
New Castle,Delaware,Low
Baltimore City,Maryland,Low
Stevens,Kansas,Low
Stafford,Kansas,Low
Bond,Illinois,Medium
Nicholas,West Virginia,Low
Morton,Kansas,Low
Weakley,Tennessee,High
Beaver,Oklahoma,Low
Christian,Illinois,Low
Hodgeman,Kansas,Low
Kent,Delaware,Low
Caroline,Virginia,Low
Buchanan,Missouri,Low
Wicomico,Maryland,Low
Mason,West Virginia,Low
Seward,Kansas,Low
Texas,Oklahoma,Low
Henry,Tennessee,Medium
Howard,Maryland,Low
Warrick,Indiana,Medium
Carbon,Utah,Medium
Sanpete,Utah,Medium
Trousdale,Tennessee,Low
Mesa,Colorado,Medium
Pike,Indiana,Medium
Southampton,Virginia,Low
Scioto,Ohio,Low
Harper,Kansas,Low
Posey,Indiana,Medium
Pickaway,Ohio,Low
Fauquier,Virginia,Low
Pitkin,Colorado,Medium
Benton,Missouri,Low
Boone,West Virginia,Low
Apache,Arizona,Low
Montgomery,Kansas,Low
Denver,Colorado,Low
Lipscomb,Texas,Low
Madison,Illinois,Medium
Randolph,Illinois,Medium
Labette,Kansas,Low
Harper,Oklahoma,Low
Montgomery,Maryland,Low
Sherman,Texas,Low
Glenn,California,Medium
St. Clair,Missouri,Low
Oldham,Kentucky,Low
Warren,Missouri,Low
Taos,New Mexico,Medium
Comanche,Kansas,Low
Moultrie,Illinois,Low
Clay,Arkansas,High
Perry,Illinois,Medium
Lawrence,Indiana,Low
Scott,Illinois,Low
Colfax,New Mexico,Low
Audrain,Missouri,Low
Caldwell,Kentucky,Medium
Dallam,Texas,Low
Fleming,Kentucky,Low
Crawford,Missouri,Medium
District of Columbia,District of Columbia,Low
Rush,Indiana,Low
Stone,Missouri,Low
York,Virginia,Low
Hansford,Texas,Low
Howard,Missouri,Low
Fayette,Kentucky,Low
St. Charles,Missouri,Medium
Gibson,Indiana,Medium
Fayette,Indiana,Low
San Benito,California,High
Montgomery,Virginia,Low
Baxter,Arkansas,Medium
Washington,Missouri,Medium
Caldwell,Missouri,Low
Whitley,Kentucky,Medium
Saline,Kansas,Low
Jasper,Missouri,Low
Fulton,Arkansas,Medium
Salem,New Jersey,Low
Spencer,Indiana,Medium
Pulaski,Kentucky,Low
Carlisle,Kentucky,High
Sharp,Arkansas,Medium
Sussex,Delaware,Low
Sierra,California,Medium
Meade,Kentucky,Low
Clay,Kentucky,Medium
Norfolk,Virginia,Low
Randolph,Arkansas,Medium
Pendleton,West Virginia,Low
Morgan,Ohio,Low
Montgomery,Kentucky,Low
Bedford City,Virginia,Low
McCreary,Kentucky,Low
Benton,Arkansas,Low
Talbot,Maryland,Low
Clinton,Missouri,Low
Massac,Illinois,High
Bell,Kentucky,Medium
Woodford,Kentucky,Low
Lyon,Nevada,High
Marion,Arkansas,Medium
Alexander,Illinois,High
Roane,West Virginia,Low
Staunton,Virginia,Low
Norton,Virginia,Low
Union,Indiana,Low
Carroll,Arkansas,Low
Tazewell,Virginia,Low
Pettis,Missouri,Low
Graves,Kentucky,High
Vanderburgh,Indiana,Medium
Boone,Arkansas,Low
Arapahoe,Colorado,Low
Pulaski,Illinois,High
Prince William,Virginia,Low
Harvey,Kansas,Low
Cumberland,Kentucky,Low
Ochiltree,Texas,Low
Cherokee,Kansas,Low
Reno,Kansas,Low
Atlantic,New Jersey,Low
Allen,Kentucky,Low
Kings,California,Medium
Edmonson,Kentucky,Low
Greenwood,Kansas,Low
Virginia Beach,Virginia,Low
Cheatham,Tennessee,Medium
Laurel,Kentucky,Low
Essex,Virginia,Low
Carroll,Virginia,Low
Washington,Tennessee,Medium
Barry,Missouri,Low
Solano,California,High
Union,Tennessee,Medium
Washington,Virginia,Medium
Butler,Missouri,High
Tulsa,Oklahoma,Low
Suffolk,Virginia,Low
Phelps,Missouri,Low
Spencer,Kentucky,Low
Monterey,California,High
Wilkes,North Carolina,Low
San Miguel,Colorado,Low
Pemiscot,Missouri,High
Louisa,Virginia,Medium
Smith,Tennessee,Low
Garfield,Utah,Medium
Hinsdale,Colorado,Medium
Iron,Utah,Medium
Franklin,Illinois,Medium
Monroe,West Virginia,Low
Lee,Kentucky,Low
Boyle,Kentucky,Low
Henrico,Virginia,Low
San Mateo,California,High
Johnson,Missouri,Low
Breathitt,Kentucky,Low
Washington,Maryland,Low
Arlington,Virginia,Low
Powhatan,Virginia,Medium
Allegany,Maryland,Low
Switzerland,Indiana,Low
Cecil,Maryland,Low
Yolo,California,Medium
Garrett,Maryland,Low
Alpine,California,Medium
McLean,Kentucky,Medium
Harford,Maryland,Low
Jefferson,Indiana,Low
Crawford,Kansas,Low
Moniteau,Missouri,Low
Monongalia,West Virginia,Low
Preston,West Virginia,Low
Clay,Illinois,Medium
Carroll,Maryland,Low
Knox,Indiana,Medium
Baltimore County,Maryland,Low
Martin,Indiana,Medium
Craig,Virginia,Low
Wetzel,West Virginia,Low
Webster,Kentucky,Medium
Daviess,Indiana,Medium
Frederick,Maryland,Low
Barton,Missouri,Low
Prince George,Virginia,Low
Fayette,Ohio,Low
Braxton,West Virginia,Low
Madison,Missouri,Medium
Roanoke City,Virginia,Low
Chariton,Missouri,Low
Falls Church,Virginia,Low
Shelby,Indiana,Low
St. Louis County,Missouri,Medium
Hopewell,Virginia,Low
Baca,Colorado,Low
Pendleton,Kentucky,Low
Emery,Utah,Medium
Leslie,Kentucky,Medium
Fairfax City,Virginia,Low
Costilla,Colorado,Medium
Morgan,West Virginia,Low
Salem,Virginia,Low
Gallatin,Kentucky,Low
Coles,Illinois,Low
Morris,Kansas,Low
Lincoln,Kentucky,Low
Adair,Kentucky,Low
Ralls,Missouri,Low
Osage,Kansas,Low
Wayne,Missouri,Medium
Montezuma,Colorado,Low
Monroe,Missouri,Low
Ellsworth,Kansas,Low
Bland,Virginia,Low
Rappahannock,Virginia,Low
Shelby,Illinois,Low
Lawrence,Illinois,Medium
Dickenson,Virginia,Low
Hocking,Ohio,Low
La Plata,Colorado,Low
Richland,Illinois,Medium
Napa,California,High
Chautauqua,Kansas,Low
Cloud,Kansas,Low
New Kent,Virginia,Low
Sonoma,California,High
Atchison,Kansas,Low
Greensville,Virginia,Low
Nottoway,Virginia,Low
Jackson,Kansas,Low
Mecklenburg,Virginia,Low
Alexandria,Virginia,Low
Colonial Heights,Virginia,Low
Lee,Virginia,Medium
Rockingham,Virginia,Low
Mineral,West Virginia,Low
Merced,California,Medium
Williamsburg,Virginia,Low
Simpson,Kentucky,Low
Lawrence,Ohio,Low
Scott,Virginia,Medium
Washington,Ohio,Low
Lawrence,Missouri,Low
Cass,Missouri,Low
Marion,West Virginia,Low
Santa Cruz,California,High
Clinton,Kentucky,Low
Johnson,Indiana,Low
Oregon,Missouri,Medium
Dinwiddie,Virginia,Low
Morgan,Indiana,Low
Patrick,Virginia,Low
Letcher,Kentucky,Low
New Madrid,Missouri,High
Scott,Missouri,High
Bartholomew,Indiana,Low
Chesapeake,Virginia,Low
Charlotte,Virginia,Low
Clark,Nevada,Medium
Surry,Virginia,Low
Henry,Virginia,Low
Grayson,Kentucky,Low
Dubois,Indiana,Medium
Petersburg,Virginia,Low
Bedford County,Virginia,Low
Monroe,Kentucky,Low
Pulaski,Virginia,Low
Monroe,Illinois,Medium
Brown,Indiana,Low
Newport News,Virginia,Low
Washington,Utah,Medium
Portsmouth,Virginia,Low
Monroe,Indiana,Low
Franklin County,Virginia,Low
Pueblo,Colorado,Low
Hardin,Illinois,Medium
Grant,West Virginia,Low
Ballard,Kentucky,High
Ripley,Missouri,Medium
Richmond City,Virginia,Low
Chase,Kansas,Low
Cape May,New Jersey,Low
Taney,Missouri,Low
McCracken,Kentucky,High
Pope,Illinois,High
Rice,Kansas,Low
Loudoun,Virginia,Low
Woodward,Oklahoma,Low
Wise,Virginia,Low
Crowley,Colorado,Low
Texas,Missouri,Medium
Dearborn,Indiana,Low
Grayson,Virginia,Low
Warren,Kentucky,Low
Union,Illinois,High
Placer,California,Medium
Ozark,Missouri,Medium
St. Mary's,Maryland,Low
Johnson,Illinois,High
Russell,Kentucky,Low
Hamilton,Ohio,Low
Hickman,Kentucky,High
Washington,Illinois,Medium
McDonald,Missouri,Low
Ottawa,Kansas,Low
Carter,Kentucky,Low
Calloway,Kentucky,Medium
Ripley,Indiana,Low
Wayne,Utah,Medium
Tulare,California,Medium
Sutter,California,Medium
Emporia,Virginia,Low
Barbour,West Virginia,Low
Martinsville,Virginia,Low
Piute,Utah,Medium
Galax,Virginia,Low
Calaveras,California,Medium
Franklin City,Virginia,Low
Lafayette,Missouri,Low
Boyd,Kentucky,Low
Stewart,Tennessee,Medium
Jefferson,Missouri,Medium
Queen Anne's,Maryland,Low
Delaware,Oklahoma,Low
Tucker,West Virginia,Low
San Juan,Utah,Low
Clarke,Virginia,Low
Scott,Kentucky,Low
Clermont,Ohio,Low
Augusta,Virginia,Low
Carson City,Nevada,High
Jefferson,Illinois,Medium
Sullivan,Indiana,Medium
Greene,Virginia,Low
Jersey,Illinois,Medium
Grainger,Tennessee,Medium
Bates,Missouri,Low
Gunnison,Colorado,Medium
Greene,Tennessee,Medium
Harrisonburg,Virginia,Low
Boone,Missouri,Low
Davidson,Tennessee,Low
Brown,Ohio,Low
Watauga,North Carolina,Low
Saguache,Colorado,Medium
Perquimans,North Carolina,Low
Hardy,West Virginia,Low
Nicholas,Kentucky,Low
Houston,Tennessee,Medium
Jackson,Missouri,Low
Esmeralda,Nevada,Medium
Morgan,Tennessee,Medium
Anne Arundel,Maryland,Low
Worcester,Maryland,Low
Benton,Tennessee,Medium
Tuolumne,California,Medium
Lincoln,Missouri,Low
Fayette,Illinois,Medium
Coffey,Kansas,Low
Wilson,Tennessee,Low
Miller,Missouri,Low
Crawford,Indiana,Low
Hamblen,Tennessee,Medium
Chowan,North Carolina,Low
Dickson,Tennessee,Medium
Anderson,Kentucky,Low
Putnam,Tennessee,Low
Ste. Genevieve,Missouri,Medium
Madison,Arkansas,Low
Morgan,Kentucky,Low
Bullitt,Kentucky,Low
Anderson,Tennessee,Medium
Clark,Kentucky,Low
Avery,North Carolina,Low
Richmond County,Virginia,Low
Yadkin,North Carolina,Low
Contra Costa,California,High
Greene,Arkansas,High
Waynesboro,Virginia,Low
Mora,New Mexico,Low
Butler,Kansas,Low
Lawrence,Arkansas,Medium
Rockbridge,Virginia,Low
Franklin,North Carolina,Low
Izard,Arkansas,Medium
St. Francois,Missouri,Medium
Stanislaus,California,Medium
Unicoi,Tennessee,Medium
Forsyth,North Carolina,Low
Edwards,Kansas,Low
Hickory,Missouri,Low
Payne,Oklahoma,Low
Charlottesville,Virginia,Low
Humphreys,Tennessee,Medium
Menifee,Kentucky,Low
Guilford,North Carolina,Low
Alamance,North Carolina,Low
Vernon,Missouri,Low
Breckinridge,Kentucky,Low
Bertie,North Carolina,Low
Nelson,Virginia,Low
Woodson,Kansas,Low
Allen,Kansas,Low
Bourbon,Kansas,Low
Accomack,Virginia,Low
Northumberland,Virginia,Low
Logan,West Virginia,Low
Pulaski,Missouri,Low
Hardin,Kentucky,Low
Hanover,Virginia,Low
Fluvanna,Virginia,Medium
Haskell,Texas,Low
Throckmorton,Texas,Low
Young,Texas,Low
Lee,Alabama,Low
Kent,Texas,Low
Lafayette,Louisiana,Low
Stonewall,Texas,Low
Canadian,Oklahoma,Medium
Taylor,Georgia,Low
Ascension,Louisiana,Low
Franklin,Texas,Low
Oklahoma,Oklahoma,Medium
Hays,Texas,Low
Ouachita,Louisiana,Low
Otero,New Mexico,Low
Marshall,Tennessee,Low
Taylor,Florida,Low
Laurens,Georgia,Low
Union,Arkansas,Low
Cleburne,Arkansas,Medium
Autauga,Alabama,Low
St. John the Baptist,Louisiana,Low
Garza,Texas,Low
Coffee,Tennessee,Low
Dallas,Alabama,Low
Moore,Tennessee,Low
Rains,Texas,Low
Transylvania,North Carolina,Medium
Terrebonne,Louisiana,Low
Choctaw,Alabama,Low
Eddy,New Mexico,Low
Lake,Florida,Low
Gaston,North Carolina,Low
Bullock,Alabama,Low
Shackelford,Texas,Low
Fayette,Tennessee,Medium
Tattnall,Georgia,Low
Jackson,Texas,Low
Wheeler,Georgia,Low
Le Flore,Oklahoma,Low
Atascosa,Texas,Low
Dooly,Georgia,Low
Polk,North Carolina,Medium
Matagorda,Texas,Low
McNairy,Tennessee,Medium
Caldwell,Louisiana,Low
Cleveland,Oklahoma,Medium
Karnes,Texas,Low
Hill,Texas,Low
Lincoln,Tennessee,Low
Wilcox,Alabama,Low
Jefferson,Louisiana,Low
Grady,Oklahoma,Medium
Evans,Georgia,Low
Faulkner,Arkansas,Medium
Beaufort,South Carolina,Medium
Victoria,Texas,Low
Zavala,Texas,Low
Frio,Texas,Low
Walthall,Mississippi,Low
Wilkes,Georgia,Medium
Cook,Georgia,Low
Franklin,Alabama,Medium
Deaf Smith,Texas,Low
Avoyelles,Louisiana,Low
Hardeman,Texas,Low
Pike,Alabama,Low
Manatee,Florida,Low
Richmond,North Carolina,Low
Colquitt,Georgia,Low
Simpson,Mississippi,Low
St. Clair,Alabama,Medium
Arkansas,Arkansas,Medium
Okeechobee,Florida,Low
York,South Carolina,Low
Houston,Alabama,Low
Lincoln,Georgia,Medium
Lafayette,Mississippi,Medium
Kleberg,Texas,Low
Crenshaw,Alabama,Low
Bell,Texas,Low
Clay,North Carolina,Medium
Edgefield,South Carolina,Medium
St. Lucie,Florida,Low
Panola,Mississippi,Medium
Baldwin,Alabama,Low
Calhoun,Alabama,Low
Sarasota,Florida,Low
Copiah,Mississippi,Low
Fairfield,South Carolina,Medium
St. Francis,Arkansas,Medium
Escambia,Alabama,Low
Jim Hogg,Texas,Low
Oconee,Georgia,Low
Crisp,Georgia,Low
Pickens,Georgia,Medium
DeKalb,Georgia,Low
DeSoto,Florida,Low
Kiowa,Oklahoma,Medium
Miller,Georgia,Low
Franklin,Georgia,Low
Hamilton,Texas,Low
Zapata,Texas,Low
Coahoma,Mississippi,Medium
Geneva,Alabama,Low
Red River,Texas,Low
Greer,Oklahoma,Low
Brooks,Texas,Low
Freestone,Texas,Low
Nevada,Arkansas,Low
Lanier,Georgia,Low
Darlington,South Carolina,Medium
Long,Georgia,Low
Perry,Arkansas,Medium
Martin,Florida,Low
Newton,Texas,Low
Grayson,Texas,Low
Newberry,South Carolina,Medium
Cherokee,Alabama,Medium
Glades,Florida,Low
Scott,Arkansas,Low
Cleburne,Alabama,Low
Clinch,Georgia,Low
Culberson,Texas,Low
Kenedy,Texas,Low
Prairie,Arkansas,Medium
Reeves,Texas,Low
Lee,Mississippi,Medium
Orange,California,High
Mobile,Alabama,Low
Charlotte,Florida,Low
Pickens,South Carolina,Medium
Cooke,Texas,Low
Camden,Georgia,Low
Gila,Arizona,Low
Loving,Texas,Low
Palm Beach,Florida,Low
Lonoke,Arkansas,Medium
Jasper,Texas,Low
Little River,Arkansas,Low
Quitman,Mississippi,Medium
Hudspeth,Texas,Medium
Latimer,Oklahoma,Low
Hendry,Florida,Low
Craven,North Carolina,Low
Johnston,Oklahoma,Low
Polk,Texas,Low
Clarendon,South Carolina,Medium
Starr,Texas,Low
El Paso,Texas,Medium
Lee,Florida,Low
McCurtain,Oklahoma,Low
Fayette,Alabama,Medium
Shelby,Texas,Low
Scotland,North Carolina,Low
Cotton,Oklahoma,Low
Harmon,Oklahoma,Low
Catahoula,Louisiana,Low
Willacy,Texas,Low
Madison,Texas,Low
Haralson,Georgia,Low
Hall,Georgia,Low
Grenada,Mississippi,Low
Butler,Alabama,Low
Pulaski,Arkansas,Medium
Schleicher,Texas,Low
Collier,Florida,Low
Grant,Arkansas,Low
Fannin,Texas,Low
Lauderdale,Alabama,Medium
Jeff Davis,Georgia,Low
Menard,Texas,Low
Jefferson,Arkansas,Medium
Cameron,Texas,Low
Appling,Georgia,Low
Limestone,Alabama,Low
Williamsburg,South Carolina,Medium
Crockett,Texas,Low
Hart,Georgia,Low
Terrell,Georgia,Low
Broward,Florida,Low
Monroe,Arkansas,Medium
Decatur,Georgia,Low
Banks,Georgia,Low
Calhoun,South Carolina,Medium
Miami-Dade,Florida,Low
La Salle,Louisiana,Low
Seminole,Georgia,Low
Alcorn,Mississippi,Medium
Abbeville,South Carolina,Medium
Monroe,Florida,Low
Aiken,South Carolina,Medium
Randolph,Georgia,Low
Grady,Georgia,Low
Columbus,North Carolina,Low
Tishomingo,Mississippi,Medium
Jefferson,Alabama,Medium
Cook,Minnesota,Low
Thomas,Georgia,Low
Lee,Georgia,Low
King,Texas,Low
Itawamba,Mississippi,Low
Keweenaw,Michigan,Low
Tippah,Mississippi,Medium
Wayne,Mississippi,Low
Brooks,Georgia,Low
Wilbarger,Texas,Low
Dickens,Texas,Low
Benton,Mississippi,Medium
Houghton,Michigan,Low
Charlton,Georgia,Low
Bartow,Georgia,Medium
Jefferson,Mississippi,Low
DeSoto,Mississippi,Medium
Tyler,Texas,Low
Crosby,Texas,Low
Cherokee,Georgia,Medium
Ontonagon,Michigan,Low
Walker,Texas,Low
McLennan,Texas,Low
Marshall,Mississippi,Medium
Greenwood,South Carolina,Medium
Baraga,Michigan,Low
Rabun,Georgia,Medium
Burnet,Texas,Low
Chatham,Georgia,Medium
Lubbock,Texas,Low
Marquette,Michigan,Low
New Hanover,North Carolina,Low
Lowndes,Georgia,Low
Madison,Alabama,Low
Pointe Coupee,Louisiana,Low
Worth,Georgia,Low
Archer,Texas,Low
Gogebic,Michigan,Low
Pontotoc,Mississippi,Medium
Jackson,Alabama,Medium
Luce,Michigan,Low
Hockley,Texas,Low
Nacogdoches,Texas,Low
Pearl River,Mississippi,Low
Lee,South Carolina,Medium
Alger,Michigan,Low
Whitfield,Georgia,Medium
Knox,Texas,Low
Brunswick,North Carolina,Low
Washington,Louisiana,Low
Turner,Georgia,Low
Schoolcraft,Michigan,Low
Baylor,Texas,Low
Murray,Georgia,Medium
Howard,Arkansas,Low
Tangipahoa,Louisiana,Low
Catoosa,Georgia,Medium
Pike,Arkansas,Low
Cochran,Texas,Low
St. Helena,Louisiana,Low
Iron,Michigan,Low
Sabine,Louisiana,Low
Dade,Georgia,Medium
Lincoln,New Mexico,Low
East Feliciana,Louisiana,Low
Ouachita,Arkansas,Low
Vilas,Wisconsin,Low
Ben Hill,Georgia,Low
Carroll,Georgia,Low
Walker,Georgia,Medium
George,Mississippi,Low
Monroe,Alabama,Low
Dickinson,Michigan,Low
Clark,Arkansas,Low
Jones,Mississippi,Low
West Feliciana,Louisiana,Low
La Paz,Arizona,Low
Mackinac,Michigan,Low
Leflore,Mississippi,Low
Towns,Georgia,Medium
Jackson,Florida,Low
Clay,Mississippi,Low
Wayne,Georgia,Low
Delta,Michigan,Low
Forsyth,Georgia,Low
Union,Georgia,Medium
Holmes,Florida,Low
Marion,Alabama,Low
Fannin,Georgia,Medium
Chippewa,Michigan,Low
Jones,Texas,Low
Limestone,Texas,Low
Evangeline,Louisiana,Low
Morgan,Georgia,Low
Motley,Texas,Low
Forest,Wisconsin,Low
Onslow,North Carolina,Low
Coffee,Georgia,Low
Walton,Florida,Low
Calhoun,Arkansas,Low
Fisher,Texas,Low
Florence,Wisconsin,Low
Cullman,Alabama,Low
Pontotoc,Oklahoma,Medium
Douglas,Georgia,Low
Grant,Louisiana,Low
Menominee,Michigan,Low
Cottle,Texas,Low
Brazos,Texas,Low
Curry,New Mexico,Low
Drew,Arkansas,Low
Scurry,Texas,Low
Covington,Mississippi,Low
Mason,Texas,Low
Oneida,Wisconsin,Low
Valencia,New Mexico,Medium
Winston,Alabama,Low
Henry,Alabama,Low
Rockdale,Georgia,Low
Marinette,Wisconsin,Low
Clay,Georgia,Low
Llano,Texas,Low
Borden,Texas,Low
Floyd,Texas,Low
Robeson,North Carolina,Low
Greenlee,Arizona,Low
Emmet,Michigan,Low
Jefferson Davis,Mississippi,Low
Stone,Mississippi,Low
Dawson,Texas,Low
Georgetown,South Carolina,Medium
Hale,Texas,Low
Lee,Arkansas,Medium
Cheboygan,Michigan,Low
Williamson,Texas,Low
Irwin,Georgia,Low
Greene,Georgia,Low
Lamb,Texas,Low
Lowndes,Mississippi,Low
Concordia,Louisiana,Low
Union,South Carolina,Medium
San Jacinto,Texas,Low
Bailey,Texas,Low
Presque Isle,Michigan,Low
Newton,Georgia,Low
Stephens,Texas,Low
Lawrence,Mississippi,Low
Colbert,Alabama,Medium
Allen,Louisiana,Low
Webster,Mississippi,Low
Lincoln,Wisconsin,Low
Florence,South Carolina,Medium
Taliaferro,Georgia,Low
Beauregard,Louisiana,Low
Gaines,Texas,Low
Adams,Mississippi,Low
Ventura,California,High
Langlade,Wisconsin,Low
Horry,South Carolina,Medium
Bradley,Arkansas,Low
Grimes,Texas,Low
Conecuh,Alabama,Low
Jackson,Georgia,Low
Orangeburg,South Carolina,Medium
Tunica,Mississippi,Medium
Oconto,Wisconsin,Low
Santa Cruz,Arizona,Low
Bibb,Georgia,Low
Echols,Georgia,Low
Marion,South Carolina,Medium
Charlevoix,Michigan,Low
Carteret,North Carolina,Low
Bowie,Texas,Low
Mills,Texas,Low
Maverick,Texas,Low
Jenkins,Georgia,Low
Jefferson,Oklahoma,Low
Garvin,Oklahoma,Medium
Lincoln,Mississippi,Low
St. Landry,Louisiana,Low
Columbia,Georgia,Medium
Door,Wisconsin,Low
Citrus,Florida,Low
Neshoba,Mississippi,Low
Elbert,Georgia,Medium
Coryell,Texas,Low
Washington,Florida,Low
Alpena,Michigan,Low
Leake,Mississippi,Low
Saline,Arkansas,Medium
Talladega,Alabama,Low
Sumter,Florida,Low
Madison,Georgia,Low
Bacon,Georgia,Low
Antrim,Michigan,Low
Kemper,Mississippi,Low
Carroll,Mississippi,Low
Goliad,Texas,Low
Nassau,Florida,Low
Blount,Alabama,Low
DeKalb,Alabama,Medium
Tom Green,Texas,Low
Upshur,Texas,Low
Otsego,Michigan,Low
Montgomery,Mississippi,Low
Richland,South Carolina,Medium
Jackson,Mississippi,Low
Seminole,Florida,Low
Comanche,Oklahoma,Medium
Montmorency,Michigan,Low
McDuffie,Georgia,Medium
Twiggs,Georgia,Low
Live Oak,Texas,Low
Burleson,Texas,Low
Jackson,Oklahoma,Low
Washington,Alabama,Low
Foard,Texas,Low
Leelanau,Michigan,Low
Madison,Mississippi,Low
Orange,Florida,Low
East Baton Rouge,Louisiana,Low
Marathon,Wisconsin,Low
Graham,Arizona,Low
Bladen,North Carolina,Low
McIntosh,Georgia,Low
Etowah,Alabama,Medium
Marion,Texas,Low
Menominee,Wisconsin,Low
Kimble,Texas,Low
Clayton,Georgia,Low
Bee,Texas,Low
Talbot,Georgia,Low
Sevier,Arkansas,Low
Dougherty,Georgia,Low
Gilmer,Georgia,Medium
Gadsden,Florida,Low
Shawano,Wisconsin,Low
Hernando,Florida,Low
Perry,Alabama,Low
Henry,Georgia,Low
Lexington,South Carolina,Medium
St. Lawrence,New York,Medium
St. Tammany,Louisiana,Low
La Salle,Texas,Low
Ward,Texas,Low
Chester,South Carolina,Low
Harris,Georgia,Low
Kalkaska,Michigan,Low
McMullen,Texas,Low
Sutton,Texas,Low
Tuscaloosa,Alabama,Medium
Habersham,Georgia,Low
Yalobusha,Mississippi,Medium
Crawford,Georgia,Low
Dimmit,Texas,Low
Crawford,Michigan,Low
San Augustine,Texas,Low
Leon,Florida,Low
Warren,Georgia,Low
Wichita,Texas,Low
Anderson,South Carolina,Medium
Kaufman,Texas,Low
Harrison,Mississippi,Low
Alcona,Michigan,Low
Brevard,Florida,Low
Crane,Texas,Low
Fulton,Georgia,Low
Miller,Arkansas,Low
Chesterfield,South Carolina,Low
Van Zandt,Texas,Low
Grand Traverse,Michigan,Low
Upton,Texas,Low
Refugio,Texas,Low
Jefferson,Florida,Low
Reagan,Texas,Low
Marshall,Oklahoma,Low
Pasco,Florida,Low
Emanuel,Georgia,Low
Oktibbeha,Mississippi,Low
Lawrence,Alabama,Low
Oscoda,Michigan,Low
Leon,Texas,Low
Lincoln,Arkansas,Low
Brewster,Texas,Low
Polk,Florida,Low
Marlboro,South Carolina,Low
Lea,New Mexico,Low
Benzie,Michigan,Low
Johnson,Georgia,Low
Calhoun,Georgia,Low
Terrell,Texas,Low
Saluda,South Carolina,Medium
White,Georgia,Low
Osceola,Florida,Low
Franklin,Tennessee,Medium
Kewaunee,Wisconsin,Low
Chicot,Arkansas,Low
Harrison,Texas,Low
Coffee,Alabama,Low
Gwinnett,Georgia,Low
West Baton Rouge,Louisiana,Low
Calhoun,Texas,Low
Tate,Mississippi,Medium
Comanche,Texas,Low
Bradley,Tennessee,Medium
Fayette,Georgia,Low
Hidalgo,New Mexico,Low
Portage,Wisconsin,Low
Cibola,New Mexico,Low
Tensas,Louisiana,Low
Dale,Alabama,Low
Laurens,South Carolina,Medium
Webb,Texas,Low
Red River,Louisiana,Low
Waupaca,Wisconsin,Low
Elmore,Alabama,Low
Shelby,Alabama,Medium
Pinellas,Florida,Low
McClain,Oklahoma,Medium
Franklin,Mississippi,Low
Garland,Arkansas,Low
Hillsborough,Florida,Low
Richmond,Georgia,Low
Bryan,Georgia,Low
Lincoln,Louisiana,Low
Marion,Tennessee,Medium
San Patricio,Texas,Low
Sabine,Texas,Low
Aransas,Texas,Low
Pickens,Alabama,Low
De Baca,New Mexico,Low
Jasper,Mississippi,Low
Macon,North Carolina,Medium
Jasper,South Carolina,Medium
Duval,Texas,Low
Houston,Texas,Low
Clarke,Mississippi,Low
Coal,Oklahoma,Low
Sampson,North Carolina,Low
Jim Wells,Texas,Low
Tift,Georgia,Low
Smith,Mississippi,Low
Prentiss,Mississippi,Medium
Pittsburg,Oklahoma,Low
Indian River,Florida,Low
Nueces,Texas,Low
Claiborne,Mississippi,Low
Hardee,Florida,Low
Pamlico,North Carolina,Low
Concho,Texas,Low
Highlands,Florida,Low
Stewart,Georgia,Low
Webster,Georgia,Low
Yell,Arkansas,Low
Hughes,Oklahoma,Low
Sumter,Georgia,Low
Cherokee,North Carolina,Medium
Bosque,Texas,Low
Polk,Tennessee,Medium
Barbour,Alabama,Low
Cumberland,North Carolina,Low
Jones,North Carolina,Low
Winn,Louisiana,Low
Bernalillo,New Mexico,Medium
Natchitoches,Louisiana,Low
Cherokee,Texas,Low
Guadalupe,New Mexico,Low
Telfair,Georgia,Low
Greenville,South Carolina,Medium
Wilcox,Georgia,Low
Union,North Carolina,Low
Sterling,Texas,Low
Anson,North Carolina,Low
Liberty,Georgia,Low
Hoke,North Carolina,Low
Glasscock,Texas,Low
Spartanburg,South Carolina,Low
Midland,Texas,Low
Hyde,North Carolina,Low
Coke,Texas,Low
Winkler,Texas,Low
Duplin,North Carolina,Low
Ector,Texas,Low
Cherokee,South Carolina,Low
Runnels,Texas,Low
Randall,Texas,Low
Coleman,Texas,Low
Armstrong,Texas,Low
Brown,Texas,Low
Collingsworth,Texas,Low
Anderson,Texas,Low
Donley,Texas,Low
Washington,Mississippi,Low
Tallahatchie,Mississippi,Medium
Brown,Wisconsin,Low
Livingston,Louisiana,Low
Calhoun,Mississippi,Medium
Hancock,Mississippi,Low
Outagamie,Wisconsin,Low
Manistee,Michigan,Low
Choctaw,Mississippi,Low
Covington,Alabama,Low
Montgomery,Arkansas,Low
Jasper,Georgia,Low
Iosco,Michigan,Low
Madison,Florida,Low
Bryan,Oklahoma,Low
Berkeley,South Carolina,High
Irion,Texas,Low
Presidio,Texas,Low
Wexford,Michigan,Low
Parmer,Texas,Low
Choctaw,Oklahoma,Low
Pierce,Georgia,Low
Missaukee,Michigan,Low
Coweta,Georgia,Low
Sumter,South Carolina,Medium
Castro,Texas,Low
Angelina,Texas,Low
Travis,Texas,Low
Dallas,Arkansas,Low
San Diego,California,High
Roscommon,Michigan,Low
Montgomery,Texas,Low
Swisher,Texas,Low
Falls,Texas,Low
Briscoe,Texas,Low
Clay,Texas,Low
Ogemaw,Michigan,Low
Hamilton,Florida,Low
Randolph,Alabama,Low
Early,Georgia,Low
Childress,Texas,Low
Calhoun,Florida,Low
Hall,Texas,Low
Barrow,Georgia,Low
Jefferson,New York,Low
Polk,Arkansas,Low
Clay,Alabama,Low
Rapides,Louisiana,Low
McCulloch,Texas,Low
Manitowoc,Wisconsin,Low
Desha,Arkansas,Medium
Liberty,Florida,Low
San Saba,Texas,Low
Yuma,Arizona,Medium
Pender,North Carolina,Low
Lumpkin,Georgia,Medium
Adams,Wisconsin,Low
Bolivar,Mississippi,Medium
Columbia,Florida,Low
Pushmataha,Oklahoma,Low
Berrien,Georgia,Low
Delta,Texas,Low
Atoka,Oklahoma,Low
Cobb,Georgia,Low
Waushara,Wisconsin,Low
Baker,Florida,Low
Stephens,Oklahoma,Medium
Polk,Georgia,Medium
Ware,Georgia,Low
Barnwell,South Carolina,Medium
Duval,Florida,Low
Morgan,Alabama,Low
Winnebago,Wisconsin,Low
Chaves,New Mexico,Low
Lafayette,Arkansas,Low
Bay,Florida,Low
Lampasas,Texas,Low
Stephens,Georgia,Low
Calumet,Wisconsin,Low
Monroe,Mississippi,Low
Lee,Texas,Low
Sierra,New Mexico,Low
Paulding,Georgia,Low
Glynn,Georgia,Low
Phillips,Arkansas,Medium
Lewis,New York,Low
Los Angeles,California,High
Chickasaw,Mississippi,Low
Hardin,Texas,Low
Mason,Michigan,Low
Baker,Georgia,Low
Murray,Oklahoma,Medium
Putnam,Georgia,Low
Gillespie,Texas,Low
Riverside,California,High
Lake,Michigan,Low
Mitchell,Georgia,Low
Tillman,Oklahoma,Low
McCormick,South Carolina,Medium
Blanco,Texas,Low
Pinal,Arizona,Low
Osceola,Michigan,Low
Love,Oklahoma,Low
Marion,Mississippi,Low
Gordon,Georgia,Medium
St. Martin,Louisiana,Low
Jack,Texas,Low
Arenac,Michigan,Low
Lamar,Mississippi,Low
Cleveland,Arkansas,Low
Hancock,Georgia,Low
Iberville,Louisiana,Low
Clare,Michigan,Low
Dillon,South Carolina,Low
Gladwin,Michigan,Low
Forrest,Mississippi,Low
Columbia,Arkansas,Low
Lamar,Alabama,Low
Calcasieu,Louisiana,Low
Dawson,Georgia,Low
Perry,Mississippi,Low
Huron,Michigan,Low
Butts,Georgia,Low
Clarke,Georgia,Low
Jefferson Davis,Louisiana,Low
Imperial,California,High
Bay,Michigan,Low
Greene,Mississippi,Low
Kershaw,South Carolina,Medium
Oglethorpe,Georgia,Low
Liberty,Texas,Low
Marquette,Wisconsin,Low
Union,Mississippi,Medium
Green Lake,Wisconsin,Low
Atkinson,Georgia,Low
Wise,Texas,Low
Trinity,Texas,Low
Maricopa,Arizona,Low
Acadia,Louisiana,Low
Fond du Lac,Wisconsin,Low
Santa Barbara,California,High
Pecos,Texas,Low
Marshall,Alabama,Low
Denton,Texas,Low
Suwannee,Florida,Low
Roosevelt,New Mexico,Low
Sheboygan,Wisconsin,Low
Hempstead,Arkansas,Low
Wilkinson,Mississippi,Low
Bamberg,South Carolina,Medium
Bastrop,Texas,Low
Catron,New Mexico,Low
Midland,Michigan,Low
Vernon,Louisiana,Low
Walker,Alabama,Medium
Heard,Georgia,Low
Okaloosa,Florida,Low
Oceana,Michigan,Low
Floyd,Georgia,Medium
Sunflower,Mississippi,Low
Brantley,Georgia,Low
Hunt,Texas,Low
Santa Rosa,Florida,Low
Chattooga,Georgia,Medium
Montague,Texas,Low
Washington,Texas,Low
Collin,Texas,Low
Robertson,Texas,Low
Socorro,New Mexico,Medium
Escambia,Florida,Low
Ashley,Arkansas,Low
Amite,Mississippi,Low
Titus,Texas,Low
Pike,Mississippi,Low
Isabella,Michigan,Low
Newaygo,Michigan,Low
Mecosta,Michigan,Low
Tuscola,Michigan,Low
Oswego,New York,Low
Sanilac,Michigan,Low
Columbia,Wisconsin,Low
Sauk,Wisconsin,Low
Dodge,Wisconsin,Low
Oneida,New York,Low
Saginaw,Michigan,Low
Washington,Wisconsin,Low
Ozaukee,Wisconsin,Low
Muskegon,Michigan,Low
Montcalm,Michigan,Low
Gratiot,Michigan,Low
Cayuga,New York,Low
Niagara,New York,Low
Orleans,New York,Low
Monroe,New York,Low
Wayne,New York,Low
Lapeer,Michigan,Low
Kent,Michigan,Low
Dane,Wisconsin,Low
Onondaga,New York,Low
Genesee,Michigan,Low
Ottawa,Michigan,Low
Jefferson,Wisconsin,Low
Waukesha,Wisconsin,Low
Milwaukee,Wisconsin,Low
Madison,New York,Low
St. Clair,Michigan,Low
Shiawassee,Michigan,Low
Genesee,New York,Low
Ionia,Michigan,Low
Clinton,Michigan,Low
Erie,New York,Low
Ontario,New York,Low
Seneca,New York,Low
Livingston,New York,Low
Macomb,Michigan,Low
Oakland,Michigan,Low
Wyoming,New York,Low
Green,Wisconsin,Low
Rock,Wisconsin,Low
Walworth,Wisconsin,Low
Racine,Wisconsin,Low
Cortland,New York,Low
Livingston,Michigan,Low
Ingham,Michigan,Low
Allegan,Michigan,Low
Eaton,Michigan,Low
Barry,Michigan,Low
Yates,New York,Low
Chenango,New York,Low
Kenosha,Wisconsin,Low
Tompkins,New York,Low
Steuben,New York,Low
Chautauqua,New York,Low
Schuyler,New York,Low
Cattaraugus,New York,Low
Allegany,New York,Low
Stephenson,Illinois,Low
Winnebago,Illinois,Low
McHenry,Illinois,Low
Boone,Illinois,Low
Lake,Illinois,Low
Wayne,Michigan,Low
Washtenaw,Michigan,Low
Jackson,Michigan,Low
Kalamazoo,Michigan,Low
Calhoun,Michigan,Low
Van Buren,Michigan,Low
Broome,New York,Low
Tioga,New York,Low
Chemung,New York,Low
Erie,Pennsylvania,Low
Berrien,Michigan,Low
Ogle,Illinois,Low
Carroll,Illinois,Low
Cook,Illinois,Low
Kane,Illinois,Low
DeKalb,Illinois,Low
Monroe,Michigan,Low
Lenawee,Michigan,Low
Hillsdale,Michigan,Low
Branch,Michigan,Low
St. Joseph,Michigan,Low
Cass,Michigan,Low
Bradford,Pennsylvania,Low
Tioga,Pennsylvania,Low
Warren,Pennsylvania,Low
Susquehanna,Pennsylvania,Low
McKean,Pennsylvania,Low
Potter,Pennsylvania,Low
DuPage,Illinois,Low
Ashtabula,Ohio,Low
Whiteside,Illinois,Low
Lee,Illinois,Low
Crawford,Pennsylvania,Low
Lake,Ohio,Low
LaPorte,Indiana,Low
St. Joseph,Indiana,Low
Elkhart,Indiana,Low
LaGrange,Indiana,Low
Steuben,Indiana,Low
Pittsylvania,Virginia,Low
Danville,Virginia,Low
Broomfield,Colorado,Low
