Cherokee,Iowa,Low
Bremer,Iowa,Low
Butler,Iowa,Low
Buena Vista,Iowa,Low
Twin Falls,Idaho,High
Pocahontas,Iowa,Low
Humboldt,Iowa,Low
Wright,Iowa,Low
Franklin,Iowa,Low
Otsego,New York,Low
Holt,Nebraska,Low
Essex,Massachusetts,Low
Knox,Nebraska,Low
Cedar,Nebraska,Low
Jerome,Idaho,Medium
Schoharie,New York,Low
Brown,Nebraska,Low
Lafayette,Wisconsin,Low
Albany,New York,Low
Rock,Nebraska,Low
Josephine,Oregon,High
Lake of the Woods,Minnesota,Low
Dixon,Nebraska,Low
Ferry,Washington,High
Berkshire,Massachusetts,Low
Stevens,Washington,High
Franklin,Massachusetts,Low
Okanogan,Washington,High
Pend Oreille,Washington,High
Middlesex,Massachusetts,Low
Boundary,Idaho,High
Worcester,Massachusetts,Low
Lincoln,Montana,High
Dubuque,Iowa,Low
Cassia,Idaho,High
Flathead,Montana,High
Webster,Iowa,Low
Rich,Utah,High
Delaware,Iowa,Low
Glacier,Montana,Medium
Buchanan,Iowa,Low
Black Hawk,Iowa,Low
Toole,Montana,Low
Goshen,Wyoming,Medium
Scotts Bluff,Nebraska,Low
Platte,Wyoming,High
Liberty,Montana,Low
Bear Lake,Idaho,Medium
Morrill,Nebraska,Low
Hill,Montana,Low
Woodbury,Iowa,Low
Sheridan,Montana,Low
Wayne,Pennsylvania,Low
Ida,Iowa,Low
Sac,Iowa,Low
Divide,North Dakota,Low
Del Norte,California,High
Calhoun,Iowa,Low
Hamilton,Iowa,Low
Humboldt,Nevada,High
Burke,North Dakota,Low
Renville,North Dakota,Low
Hampshire,Massachusetts,Low
Elko,Nevada,High
Bottineau,North Dakota,Low
Modoc,California,High
Hardin,Iowa,Low
Rolette,North Dakota,Low
Washoe,Nevada,High
Grundy,Iowa,Low
Dakota,Nebraska,Low
Towner,North Dakota,Low
Delaware,New York,Low
Cavalier,North Dakota,Low
Cedar,Iowa,Low
Jo Daviess,Illinois,Low
Pembina,North Dakota,Low
Columbia,New York,Low
Boone,Nebraska,Low
Oneida,Idaho,High
Kittson,Minnesota,Medium
Greene,New York,Low
Roseau,Minnesota,Medium
Jasper,Iowa,Low
Suffolk,Massachusetts,Low
Blaine,Montana,Low
Polk,Iowa,Low
Poweshiek,Iowa,Low
Harrison,Iowa,Low
Phillips,Montana,Low
Valley,Montana,Low
Guthrie,Iowa,Low
Carbon,Wyoming,Low
Shelby,Iowa,Low
Daniels,Montana,Low
Whatcom,Washington,Low
Audubon,Iowa,Low
Pierce,Nebraska,Low
Bonner,Idaho,High
Iowa,Iowa,Low
Box Butte,Nebraska,Low
Ward,North Dakota,Low
Dallas,Iowa,Low
Koochiching,Minnesota,Low
Antelope,Nebraska,Low
Johnson,Iowa,Low
Skagit,Washington,Low
Rock Island,Illinois,Low
Williams,North Dakota,Low
Scott,Iowa,Low
Albany,Wyoming,Medium
McHenry,North Dakota,Low
Bristol,Rhode Island,Low
Franklin,Idaho,Medium
St. Louis,Minnesota,Low
Jackson,Iowa,Low
San Juan,Washington,Low
Hubbard,Minnesota,Medium
Roosevelt,Montana,Low
Wayne,Nebraska,Low
Benewah,Idaho,High
Mountrail,North Dakota,Low
Kent,Rhode Island,Low
Hampden,Massachusetts,Low
Colfax,Nebraska,Low
Marshall,Minnesota,Medium
Jones,Iowa,Low
Dodge,Nebraska,Low
Ramsey,North Dakota,Low
Benton,Iowa,Low
Walsh,North Dakota,Low
Wibaux,Montana,Low
Beltrami,Minnesota,Medium
Golden Valley,North Dakota,Low
Platte,Nebraska,Low
Pierce,North Dakota,Low
Linn,Iowa,Low
Billings,North Dakota,Low
Chelan,Washington,High
Stutsman,North Dakota,Low
Arthur,Nebraska,Low
Kidder,North Dakota,Low
Tama,Iowa,Low
Greeley,Nebraska,Low
Pondera,Montana,Low
Burleigh,North Dakota,Low
McPherson,Nebraska,Low
Thurston,Nebraska,Low
Clallam,Washington,Low
Pierce,Washington,Low
Sweetwater,Wyoming,Low
Benson,North Dakota,Low
Logan,Nebraska,Low
Chouteau,Montana,Low
Plymouth,Massachusetts,Low
Custer,Nebraska,Low
Oliver,North Dakota,Low
Snohomish,Washington,Low
Norfolk,Massachusetts,Low
Adams,Washington,Low
Whitman,Washington,Low
Valley,Nebraska,Low
Island,Washington,Low
Barnes,North Dakota,Low
Will,Illinois,Low
Monona,Iowa,Low
Sanders,Montana,High
Cass,North Dakota,Low
Crawford,Iowa,Low
Lake,Minnesota,Medium
Prairie,Montana,Low
Nelson,North Dakota,Low
Carroll,Iowa,Low
Grand Forks,North Dakota,Low
Becker,Minnesota,Low
Clearwater,Idaho,High
New London,Connecticut,Low
Powder River,Montana,Medium
Custer,Montana,Low
Stearns,Minnesota,Low
Rosebud,Montana,Medium
Williams,Ohio,Low
Tillamook,Oregon,Low
Washington,Oregon,Low
Granite,Montana,High
Banner,Nebraska,Low
Clay,Minnesota,Low
Polk,Minnesota,Low
Greene,Iowa,Low
Thurston,Washington,Medium
Lucas,Ohio,Low
Pennington,Minnesota,Low
Kendall,Illinois,Low
Latah,Idaho,Medium
Umatilla,Oregon,High
Douglas,Washington,Medium
McKenzie,North Dakota,Low
Lake,Indiana,Low
Wallowa,Oregon,High
Meagher,Montana,Medium
Jefferson,Washington,Low
Price,Wisconsin,Low
Campbell,South Dakota,Medium
Yakima,Washington,High
Richland,Montana,Low
Harding,South Dakota,Low
Teton,Montana,Low
Porter,Indiana,Low
McPherson,South Dakota,Low
McCone,Montana,Low
Perkins,South Dakota,Low
Pope,Minnesota,Low
Stevens,Minnesota,Low
Wadena,Minnesota,High
Washington,Nebraska,Low
Isanti,Minnesota,Low
Crow Wing,Minnesota,Low
Chisago,Minnesota,Low
Newport,Rhode Island,Low
Pacific,Washington,Low
Sherman,Oregon,High
Lewis,Washington,Low
Fairfield,Connecticut,Low
Polk,Wisconsin,Low
Multnomah,Oregon,Low
Broadwater,Montana,Medium
Hood River,Oregon,High
Laramie,Wyoming,Medium
Carlton,Minnesota,Medium
Wyoming,Pennsylvania,Low
Wasco,Oregon,High
Golden Valley,Montana,Low
Douglas,Wisconsin,Low
Washington,Rhode Island,Low
Musselshell,Montana,Medium
Lemhi,Idaho,High
Corson,South Dakota,Low
Shoshone,Idaho,High
Aitkin,Minnesota,Low
Brown,South Dakota,Low
Spokane,Washington,Medium
Beaverhead,Montana,Medium
Stark,North Dakota,Low
Marshall,South Dakota,Low
Lake,Montana,High
Morton,North Dakota,Low
Fulton,Ohio,Low
Roberts,South Dakota,Low
Clearwater,Minnesota,Medium
Kootenai,Idaho,High
Morrow,Oregon,High
Garfield,Montana,Low
Bayfield,Wisconsin,Low
Union,Oregon,High
Geauga,Ohio,Low
Red Lake,Minnesota,Low
Madison,Montana,Low
Grant,Washington,Low
Benton,Minnesota,Low
Lincoln,Washington,Low
Gilliam,Oregon,High
Ravalli,Montana,High
Douglas,Nebraska,Low
Day,South Dakota,Low
Ashland,Wisconsin,Low
Cuyahoga,Ohio,Low
Sherman,Nebraska,Low
Big Stone,Minnesota,Low
Venango,Pennsylvania,Low
Logan,North Dakota,Low
Sherburne,Minnesota,Low
Forest,Pennsylvania,Low
Howard,Nebraska,Low
Ziebach,South Dakota,Low
Emmons,North Dakota,Low
Lincoln,Nebraska,Low
LaMoure,North Dakota,Low
Dewey,South Dakota,Low
Ottawa,Ohio,Low
Merrick,Nebraska,Low
Slope,North Dakota,Low
Clackamas,Oregon,High
Hettinger,North Dakota,Low
Cameron,Pennsylvania,Low
Wright,Minnesota,Low
Nantucket,Massachusetts,Low
Ransom,North Dakota,Low
Yamhill,Oregon,Low
Keith,Nebraska,Low
Richland,North Dakota,Low
Anoka,Minnesota,Low
Wood,Ohio,Low
Wilkin,Minnesota,Low
Kimball,Nebraska,Low
Kandiyohi,Minnesota,Low
Nez Perce,Idaho,Low
Columbia,Washington,Medium
Jefferson,Pennsylvania,Low
Pike,Pennsylvania,Low
Swift,Minnesota,Low
Taylor,Wisconsin,Low
Walla Walla,Washington,Low
Lycoming,Pennsylvania,Low
Morgan,Utah,High
Iron,Wisconsin,Medium
Oxford,Maine,Low
Muscatine,Iowa,Low
Somerset,Maine,Low
Trinity,California,High
Grant,South Dakota,Low
Meeker,Minnesota,Low
Westchester,New York,Low
Lewis and Clark,Montana,High
Eau Claire,Wisconsin,Low
Coos,New Hampshire,Low
Piscataquis,Maine,Low
Sullivan,Pennsylvania,Low
Sussex,New Jersey,Low
Kitsap,Washington,Low
Washington,Idaho,High
Washington,Minnesota,Low
Jefferson,Montana,Medium
Itasca,Minnesota,Low
Jefferson,Oregon,High
Chippewa,Wisconsin,Low
Yellowstone,Montana,Medium
Bureau,Illinois,Low
Scott,Minnesota,Low
Sheridan,North Dakota,Low
Marion,Oregon,Medium
Treasure,Montana,Low
Hamlin,South Dakota,Low
Lewis,Idaho,Low
Wells,North Dakota,Low
Lac qui Parle,Minnesota,Low
Henry,Illinois,Low
Summit,Ohio,Low
Lamoille,Vermont,Low
Asotin,Washington,High
Adams,Idaho,High
McLean,North Dakota,Low
Sioux,North Dakota,Medium
Potter,South Dakota,Low
Eddy,North Dakota,Low
Linn,Oregon,Medium
Uinta,Wyoming,Medium
Portage,Ohio,Low
Pine,Minnesota,Low
Faulk,South Dakota,Low
Dunn,North Dakota,Low
Penobscot,Maine,Low
Stanley,South Dakota,Low
Hennepin,Minnesota,Low
Fergus,Montana,Low
Skamania,Washington,Medium
Mercer,Illinois,Low
Noble,Indiana,Low
Caledonia,Vermont,Low
Spink,South Dakota,Low
Dawson,Montana,Low
Waldo,Maine,Low
St. Croix,Wisconsin,Low
King,Washington,Low
Haakon,South Dakota,Low
Dunn,Wisconsin,Low
Cascade,Montana,Low
Butte,South Dakota,Low
DeKalb,Indiana,Low
Fremont,Idaho,Medium
Griggs,North Dakota,Low
Rockland,New York,Low
Valley,Idaho,High
Steele,North Dakota,Low
Sibley,Minnesota,Low
Traill,North Dakota,Low
Clark,South Dakota,Low
Mason,Washington,Low
Putnam,Illinois,Low
Codington,South Dakota,Low
Missoula,Montana,High
Chittenden,Vermont,Low
Chippewa,Minnesota,Low
Petroleum,Montana,Medium
Powell,Montana,High
Ramsey,Minnesota,Low
Columbia,Pennsylvania,Low
Kittitas,Washington,High
Kennebec,Maine,Low
Foster,North Dakota,Low
Mercer,North Dakota,Low
Kankakee,Illinois,Low
Goodhue,Minnesota,Low
Grays Harbor,Washington,Low
Benton,Oregon,Low
Whitley,Indiana,Low
Redwood,Minnesota,Low
Norman,Minnesota,Low
Jasper,Indiana,Low
Wood,Wisconsin,Low
Mahnomen,Minnesota,Low
Pepin,Wisconsin,Low
Mineral,Montana,High
Huron,Ohio,Low
Teton,Wyoming,Medium
Cass,Minnesota,Low
Beadle,South Dakota,Low
Allen,Indiana,Low
Aroostook,Maine,Low
Medina,Ohio,Low
Lyon,Minnesota,Low
Judith Basin,Montana,Low
Summit,Utah,Medium
Lincoln,Minnesota,Low
Centre,Pennsylvania,Low
Lawrence,South Dakota,High
Clearfield,Pennsylvania,Low
Buffalo,Wisconsin,Low
Monroe,Pennsylvania,Low
Boone,Iowa,Low
Seneca,Ohio,Low
Trempealeau,Wisconsin,Low
Marshall,Iowa,Low
Jackson,Wisconsin,Low
Paulding,Ohio,Low
Story,Iowa,Low
Stark,Illinois,Low
Clark,Idaho,Medium
Ulster,New York,Low
Newton,Indiana,Low
Crook,Oregon,High
Cuming,Nebraska,Low
Deuel,Nebraska,Low
Johnson,Wyoming,Medium
Bristol,Massachusetts,Low
Passaic,New Jersey,Low
Hughes,South Dakota,Low
Stanton,Nebraska,Low
Sarpy,Nebraska,Low
Essex,New York,Low
Madison,Nebraska,Low
Shasta,California,High
Le Sueur,Minnesota,Low
Grant,Nebraska,Low
Lassen,California,High
Loup,Nebraska,Low
Rice,Minnesota,Low
Hooker,Nebraska,Low
Kingsbury,South Dakota,Low
Northumberland,Pennsylvania,Low
Brookings,South Dakota,Low
Garfield,Nebraska,Low
Fulton,Indiana,Low
Pennington,South Dakota,Medium
Gem,Idaho,High
Thomas,Nebraska,Low
Butler,Pennsylvania,Low
Brown,Minnesota,Low
Wheeler,Nebraska,Low
Armstrong,Pennsylvania,Low
Washington,Vermont,Low
Blaine,Nebraska,Low
Androscoggin,Maine,Low
Pulaski,Indiana,Low
Nicollet,Minnesota,Low
Dutchess,New York,Low
Wabasha,Minnesota,Low
Montour,Pennsylvania,Low
Barnstable,Massachusetts,Low
Malheur,Oregon,High
Hancock,Ohio,Low
Burt,Nebraska,Low
Hancock,Maine,Low
Mills,Iowa,Low
Litchfield,Connecticut,Low
Grafton,New Hampshire,Low
Putnam,Ohio,Low
Cowlitz,Washington,Low
Eureka,Nevada,High
Deschutes,Oregon,High
Wahkiakum,Washington,Low
Knox,Maine,Low
Hartford,Connecticut,Low
Richland,Ohio,Low
Todd,Minnesota,Low
Boise,Idaho,High
Clinton,Iowa,Low
Morrison,Minnesota,Low
Montgomery,Iowa,Low
Wayne,Ohio,Low
Lincoln,Maine,Low
Baker,Oregon,High
McIntosh,North Dakota,Low
Polk,Oregon,Low
Dickey,North Dakota,Low
Addison,Vermont,Low
Tolland,Connecticut,Low
Wheeler,Oregon,High
Meade,South Dakota,Medium
Sargent,North Dakota,Low
Carroll,New Hampshire,Low
Adams,Iowa,Low
Bowman,North Dakota,Low
Lincoln,Oregon,Low
Lane,Oregon,Medium
Adams,North Dakota,Low
Van Wert,Ohio,Low
Clark,Wisconsin,Low
Deer Lodge,Montana,Medium
Windham,Connecticut,Low
Mille Lacs,Minnesota,Low
Essex,Vermont,Low
Clarke,Iowa,Low
Blue Earth,Minnesota,Low
Clatsop,Oregon,Low
Wyandot,Ohio,Low
Grand Isle,Vermont,Low
Juneau,Wisconsin,Low
Sweet Grass,Montana,Low
Franklin,Vermont,Low
Butte,Idaho,Medium
Stark,Ohio,Low
Sullivan,New York,Low
Gallatin,Montana,Medium
Orleans,Vermont,Low
Wapello,Iowa,Low
Lyman,South Dakota,Low
Park,Montana,Medium
Clinton,New York,Low
Peoria,Illinois,Low
Jefferson,Iowa,Low
Orange,Vermont,Low
Park,Wyoming,Medium
Waseca,Minnesota,Low
Providence,Rhode Island,Low
Columbia,Oregon,Low
Buffalo,South Dakota,High
Crook,Wyoming,Low
Union,Iowa,Low
Silver Bow,Montana,Medium
Big Horn,Wyoming,Low
Jerauld,South Dakota,Low
Northampton,Pennsylvania,Low
Cache,Utah,Medium
Campbell,Wyoming,High
Moody,South Dakota,Low
Washburn,Wisconsin,Low
Henry,Iowa,Low
Harrison,Missouri,Low
Custer,South Dakota,High
Sheridan,Wyoming,High
Pipestone,Minnesota,Low
Siskiyou,California,High
Hamilton,Nebraska,Low
Pershing,Nevada,High
Sawyer,Wisconsin,Low
Rutland,Vermont,Low
Tippecanoe,Indiana,Low
Franklin,New York,Low
Garden,Nebraska,Low
Dodge,Minnesota,Low
Lucas,Iowa,Low
Worth,Missouri,Low
Grant,Oregon,High
Burnett,Wisconsin,Low
Sanborn,South Dakota,Low
Box Elder,Utah,Low
Monroe,Iowa,Low
Knox,Ohio,Low
McLeod,Minnesota,Low
Schuylkill,Pennsylvania,Low
Faribault,Minnesota,Low
Kanabec,Minnesota,Low
Minnehaha,South Dakota,Low
Carver,Minnesota,Low
Davis,Utah,Low
Murray,Minnesota,Low
Nemaha,Nebraska,Low
Adams,Indiana,Low
Carter,Montana,Low
Rock,Minnesota,Low
Deuel,South Dakota,Low
Knox,Illinois,Low
Cottonwood,Minnesota,Low
Lebanon,Pennsylvania,Low
Wells,Indiana,Low
Dakota,Minnesota,Low
Stillwater,Montana,Medium
Marshall,Illinois,Low
Freeborn,Minnesota,Low
Steele,Minnesota,Low
Logan,Ohio,Low
Union,Pennsylvania,Low
Grant,Minnesota,Low
Yellow Medicine,Minnesota,Low
Woodford,Illinois,Low
Gage,Nebraska,Low
Olmsted,Minnesota,Low
Carbon,Pennsylvania,Low
Sully,South Dakota,Low
Johnson,Nebraska,Low
Douglas,Minnesota,Low
Miner,South Dakota,Low
Mahoning,Ohio,Low
Morgan,Colorado,Low
Hyde,South Dakota,Medium
Clark,Washington,Low
Lawrence,Pennsylvania,Low
Bergen,New Jersey,Low
Hand,South Dakota,Low
Klickitat,Washington,High
Union,Ohio,Low
Livingston,Illinois,Low
Renville,Minnesota,Low
Nobles,Minnesota,Low
Warren,New Jersey,Low
Pierce,Wisconsin,Low
Vermilion,Illinois,Low
Custer,Idaho,High
Warren,Indiana,Low
Big Horn,Montana,High
Shelby,Ohio,Low
Columbiana,Ohio,Low
Washington,Pennsylvania,Low
Jackson,Minnesota,Low
Grand,Colorado,Low
Traverse,Minnesota,Low
Martin,Minnesota,Low
Bronx,New York,Low
Coshocton,Ohio,Low
Cass,Indiana,Low
Tehama,California,High
Houston,Minnesota,Low
White,Indiana,Low
Monmouth,New Jersey,Low
Mower,Minnesota,Low
Salt Lake,Utah,Medium
Fillmore,Minnesota,Low
Plumas,California,High
Allen,Ohio,Low
Delaware,Ohio,Low
Davison,South Dakota,Low
Indiana,Pennsylvania,Low
Montgomery,Pennsylvania,Low
Hanson,South Dakota,Low
Fremont,Iowa,Low
Mason,Illinois,Low
McCook,South Dakota,Low
Clinton,Indiana,Low
Page,Iowa,Low
York,Maine,Low
Washington,New York,Low
Putnam,New York,Low
Yuma,Colorado,Low
Taylor,Iowa,Low
Ada,Idaho,High
Nance,Nebraska,Low
Lorain,Ohio,Low
Warren,New York,Medium
Ringgold,Iowa,Low
Tripp,South Dakota,Low
Nassau,New York,Low
Mahaska,Iowa,Low
Belknap,New Hampshire,Low
Davis,Iowa,Low
Pottawattamie,Iowa,Low
Van Buren,Iowa,Low
Vernon,Wisconsin,Low
Washington,Colorado,Low
Washington,Iowa,Low
Shannon,South Dakota,High
Decatur,Iowa,Low
Marion,Iowa,Low
Wayne,Iowa,Low
Madison,Iowa,Low
Owyhee,Idaho,High
Essex,New Jersey,Low
Bonneville,Idaho,Low
Warren,Iowa,Low
Appanoose,Iowa,Low
Keokuk,Iowa,Low
Bingham,Idaho,Medium
Harrison,Ohio,Low
Snyder,Pennsylvania,Low
Cass,Iowa,Low
Klamath,Oregon,High
Adair,Iowa,Low
New York,New York,None
Lake,Oregon,Medium
Uintah,Utah,Medium
Mercer,New Jersey,Low
Sandusky,Ohio,Low
Coos,Oregon,Low
Merrimack,New Hampshire,Low
Trumbull,Ohio,Low
Beaver,Pennsylvania,Low
Sullivan,New Hampshire,Low
Mifflin,Pennsylvania,Low
Tipton,Indiana,Low
Mercer,Pennsylvania,Low
Strafford,New Hampshire,Low
Duchesne,Utah,Medium
Marshall,Indiana,Low
Richland,Wisconsin,Low
Hudson,New Jersey,Low
Champaign,Illinois,Low
Lee,Iowa,Low
Henry,Ohio,Low
Natrona,Wyoming,Medium
Brooke,West Virginia,Low
Hardin,Ohio,Low
Clinton,Pennsylvania,Low
Gregory,South Dakota,Low
Queens,New York,Low
Niobrara,Wyoming,High
Dukes,Massachusetts,Low
Madison,Indiana,Low
Otoe,Nebraska,Low
Grundy,Illinois,Low
Charles Mix,South Dakota,Low
Humboldt,California,High
Lehigh,Pennsylvania,Low
Turner,South Dakota,Low
Delaware,Indiana,Low
Hunterdon,New Jersey,Low
Butler,Nebraska,Low
Lincoln,South Dakota,Low
Saunders,Nebraska,Low
Suffolk,New York,Low
Erie,Ohio,Low
Gentry,Missouri,Low
McLean,Illinois,Low
Worth,Iowa,Low
Sullivan,Missouri,Low
Kosciusko,Indiana,Low
Mitchell,Iowa,Low
Somerset,New Jersey,Low
Carroll,Indiana,Low
Starke,Indiana,Low
Allamakee,Iowa,Low
Clarion,Pennsylvania,Low
Tazewell,Illinois,Low
Winnebago,Iowa,Low
Fountain,Indiana,Low
Cheyenne,Nebraska,Low
Blair,Pennsylvania,Low
Winneshiek,Iowa,Low
Defiance,Ohio,Low
Benton,Indiana,Low
Darke,Ohio,Low
Converse,Wyoming,High
Phillips,Colorado,Low
Osceola,Iowa,Low
Huntingdon,Pennsylvania,Low
Dickinson,Iowa,Low
Kings,New York,Low
Thayer,Nebraska,Low
Kossuth,Iowa,Low
Cambria,Pennsylvania,Low
Howard,Iowa,Low
Union,New Jersey,Low
Emmet,Iowa,Low
Jefferson,Nebraska,Low
Mercer,Ohio,Low
Lyon,Iowa,Low
Carroll,Ohio,Low
Douglas,South Dakota,Low
Hutchinson,South Dakota,Low
Adair,Missouri,Low
Fulton,Illinois,Low
Fall River,South Dakota,High
Morrow,Ohio,Low
Sublette,Wyoming,Medium
Marion,Ohio,Low
Crawford,Wisconsin,Low
Dundy,Nebraska,Low
Saline,Nebraska,Low
Saratoga,New York,Medium
Franklin,Nebraska,Low
Adams,Nebraska,Low
Bennett,South Dakota,Medium
Clay,Nebraska,Low
Webster,Nebraska,Low
Todd,South Dakota,High
Fillmore,Nebraska,Low
Nuckolls,Nebraska,Low
Bennington,Vermont,Low
Juniata,Pennsylvania,Low
Hitchcock,Nebraska,Low
Lincoln,Wyoming,Low
Hayes,Nebraska,Low
Harlan,Nebraska,Low
Fulton,New York,Low
Furnas,Nebraska,Low
Chase,Nebraska,Low
Rockingham,New Hampshire,Low
Red Willow,Nebraska,Low
Frontier,Nebraska,Low
Sioux,Iowa,Low
Windham,Vermont,Low
Gosper,Nebraska,Low
Logan,Illinois,Low
O'Brien,Iowa,Low
Auglaize,Ohio,Low
Cerro Gordo,Iowa,Low
Bedford,Pennsylvania,Low
Clay,Iowa,Low
Hancock,Iowa,Low
Palo Alto,Iowa,Low
Cumberland,Pennsylvania,Low
Lake,South Dakota,Low
Floyd,Iowa,Low
Winona,Minnesota,Low
Randolph,Indiana,Low
Weston,Wyoming,Low
Jones,South Dakota,Low
Cumberland,Maine,Low
Lancaster,Pennsylvania,Low
Washakie,Wyoming,Medium
Monroe,Wisconsin,Low
Payette,Idaho,High
Knox,Missouri,Low
Hamilton,New York,Low
Franklin,Pennsylvania,Low
Watonwan,Minnesota,Low
Tooele,Utah,Low
Herkimer,New York,Low
Morris,New Jersey,Low
La Crosse,Wisconsin,Low
Piatt,Illinois,Low
Elmore,Idaho,High
Des Moines,Iowa,Low
De Witt,Illinois,Low
Hot Springs,Wyoming,Low
Somerset,Pennsylvania,Low
Henderson,Illinois,Low
Schuyler,Illinois,Low
Warren,Illinois,Low
Licking,Ohio,Low
Cass,Nebraska,Low
Champaign,Ohio,Low
Ashland,Ohio,Low
Holt,Missouri,Low
Wabash,Indiana,Low
Richardson,Nebraska,Low
Jefferson,Idaho,Low
Seward,Nebraska,Low
Pawnee,Nebraska,Low
Lancaster,Nebraska,Low
Harney,Oregon,Medium
Grundy,Missouri,Low
Buffalo,Nebraska,Low
Sagadahoc,Maine,Low
Boulder,Colorado,Medium
Dawson,Nebraska,Low
Fremont,Wyoming,Low
Lewis,Missouri,Low
York,Nebraska,Low
Jackson,South Dakota,Low
Chester,Pennsylvania,Low
Hall,Nebraska,Low
Hamilton,Indiana,Low
Blaine,Idaho,High
Huntington,Indiana,Low
York,Pennsylvania,Low
Teton,Idaho,Low
Montgomery,Indiana,Low
Windsor,Vermont,Low
Iroquois,Illinois,Low
Douglas,Oregon,High
Miami,Indiana,Low
Aurora,South Dakota,Low
Ford,Illinois,Low
Brule,South Dakota,Low
Moffat,Colorado,Medium
Madison,Idaho,Low
Weld,Colorado,Low
Canyon,Idaho,Low
Mellette,South Dakota,Medium
Jackson,Colorado,Low
Camas,Idaho,High
Perkins,Nebraska,Low
Logan,Colorado,Low
Sedgwick,Colorado,Low
Routt,Colorado,Medium
Larimer,Colorado,Low
Daggett,Utah,Medium
Crawford,Ohio,Low
Lander,Nevada,High
Rio Blanco,Colorado,High
Guernsey,Ohio,Low
Adams,Illinois,Low
Miami,Ohio,Low
Ohio,West Virginia,Low
Boone,Indiana,Low
Burlington,New Jersey,High
Vermillion,Indiana,Low
Menard,Illinois,Low
Belmont,Ohio,Low
Ocean,New Jersey,High
Fulton,Pennsylvania,Low
Muskingum,Ohio,Low
Butte,California,High
Daviess,Missouri,Low
Franklin,Ohio,Low
Fayette,Pennsylvania,Low
Philadelphia,Pennsylvania,Low
Kearney,Nebraska,Low
Andrew,Missouri,Low
Cass,Illinois,Low
White Pine,Nevada,High
Wasatch,Utah,Medium
Madison,Ohio,Low
Brown,Illinois,Low
Phelps,Nebraska,Low
Garfield,Colorado,High
Henry,Indiana,Low
Berks,Pennsylvania,Low
Adams,Pennsylvania,Low
Delaware,Pennsylvania,Low
Chickasaw,Iowa,Low
Westmoreland,Pennsylvania,Low
Macon,Illinois,Low
Iowa,Wisconsin,Low
Allegheny,Pennsylvania,Low
DeKalb,Missouri,Low
Grant,Wisconsin,Low
Grant,Indiana,Low
Hillsborough,New Hampshire,Low
Holmes,Ohio,Low
Lincoln,Idaho,High
Dauphin,Pennsylvania,Low
Gooding,Idaho,High
Tuscarawas,Ohio,Low
Minidoka,Idaho,Low
Richmond,New York,Low
Cheshire,New Hampshire,Low
Hancock,Illinois,Low
Yankton,South Dakota,Low
McDonough,Illinois,Low
Bon Homme,South Dakota,Low
Power,Idaho,High
Perry,Pennsylvania,Low
Union,South Dakota,Low
Hancock,West Virginia,Low
Clay,South Dakota,Low
Bucks,Pennsylvania,Low
Fayette,Iowa,Low
Clark,Missouri,Low
Clayton,Iowa,Low
Scotland,Missouri,Low
Schuyler,Missouri,Low
Montgomery,New York,Low
Middlesex,New Jersey,Low
Caribou,Idaho,Medium
Bannock,Idaho,High
Jefferson,Ohio,Low
Sioux,Nebraska,Low
Blackford,Indiana,Low
Dawes,Nebraska,Low
Putnam,Missouri,Low
Sheridan,Nebraska,Medium
Atchison,Missouri,Low
Jackson,Oregon,High
Jay,Indiana,Low
Keya Paha,Nebraska,Low
Utah,Utah,High
Boyd,Nebraska,Low
Cherry,Nebraska,Medium
Nodaway,Missouri,Low
Mercer,Missouri,Low
Curry,Oregon,High
Howard,Indiana,Low
Rensselaer,New York,Low
Schenectady,New York,Low
Plymouth,Iowa,Low
Washington,Arkansas,Medium
Orange,North Carolina,Low
Durham,North Carolina,Low
Gibson,Tennessee,Low
Harding,New Mexico,Medium
Sandoval,New Mexico,Medium
Dyer,Tennessee,Low
Nash,North Carolina,Low
Knox,Tennessee,Low
Jefferson,Tennessee,Low
Cocke,Tennessee,Low
Cherokee,Oklahoma,Medium
Creek,Oklahoma,Low
Cumberland,Tennessee,Low
Adair,Oklahoma,High
Kingfisher,Oklahoma,Low
Logan,Oklahoma,Low
Wagoner,Oklahoma,Low
Blaine,Oklahoma,Low
Dewey,Oklahoma,Low
Carroll,Tennessee,Low
Mitchell,North Carolina,Low
Edgecombe,North Carolina,Low
DeKalb,Tennessee,Low
Newton,Arkansas,Low
Searcy,Arkansas,Low
Caldwell,North Carolina,Low
Stone,Arkansas,Low
Rutherford,Tennessee,Low
White,Tennessee,Low
Yancey,North Carolina,Low
Martin,North Carolina,Low
Wake,North Carolina,Low
Roberts,Texas,Medium
Hemphill,Texas,High
Roane,Tennessee,Low
Hutchinson,Texas,Medium
Hartley,Texas,Low
Williamson,Tennessee,Low
Moore,Texas,Low
Madison,North Carolina,Low
Iredell,North Carolina,Low
Davie,North Carolina,Low
Sevier,Tennessee,Low
Alexander,North Carolina,Medium
Davidson,North Carolina,Low
Roger Mills,Oklahoma,Medium
Santa Fe,New Mexico,High
McKinley,New Mexico,Medium
Hickman,Tennessee,Low
Mississippi,Arkansas,Low
Crockett,Tennessee,Low
Burke,North Carolina,Low
Craighead,Arkansas,Low
Los Alamos,New Mexico,High
Cannon,Tennessee,Low
Washington,North Carolina,Low
Tyrrell,North Carolina,Medium
McDowell,North Carolina,Low
Lauderdale,Tennessee,Low
Lincoln,Oklahoma,Medium
Independence,Arkansas,Low
Randolph,North Carolina,Low
Loudon,Tennessee,Low
Jackson,Arkansas,Low
San Miguel,New Mexico,High
Blount,Tennessee,Low
Chatham,North Carolina,Medium
Muskogee,Oklahoma,Medium
Okmulgee,Oklahoma,Medium
Warren,Tennessee,Medium
Decatur,Tennessee,Low
Maury,Tennessee,Low
Wilson,North Carolina,Low
Rowan,North Carolina,Low
Perry,Tennessee,Low
Rhea,Tennessee,Low
Van Buren,Tennessee,Medium
Pitt,North Carolina,Low
Henderson,Tennessee,Low
Catawba,North Carolina,Low
Haywood,Tennessee,Low
Buncombe,North Carolina,Low
Johnston,North Carolina,Low
Custer,Oklahoma,Low
Kern,California,Medium
San Bernardino,California,Low
San Luis Obispo,California,High
Madison,Tennessee,Low
Van Buren,Arkansas,Low
Haywood,North Carolina,Low
Bledsoe,Tennessee,High
Franklin,Arkansas,Medium
Johnson,Arkansas,Low
Dare,North Carolina,High
Crawford,Arkansas,Medium
Meigs,Tennessee,Low
Quay,New Mexico,High
Beaufort,North Carolina,Medium
Pope,Arkansas,Low
Marion,Illinois,Low
Yuba,California,High
Huerfano,Colorado,Low
Storey,Nevada,High
Scott,Indiana,Low
Johnson,Kentucky,Low
Berkeley,West Virginia,Low
Page,Virginia,Low
Jessamine,Kentucky,Low
Bracken,Kentucky,Low
Carroll,Missouri,Low
Gray,Kansas,Low
Vigo,Indiana,Low
Hancock,Kentucky,Low
Grant,Kentucky,Low
St. Louis city,Missouri,Low
Nelson,Kentucky,Low
Randolph,Missouri,Low
Manassas Park,Virginia,Low
Raleigh,West Virginia,Low
Clay,Indiana,Low
Washington,Indiana,Low
Mingo,West Virginia,Low
Tyler,West Virginia,Low
Manassas,Virginia,Low
King and Queen,Virginia,Low
Pike,Missouri,Low
Calvert,Maryland,Low
Warren,Ohio,Low
Henderson,Kentucky,Low
Reynolds,Missouri,Low
Geary,Kansas,Medium
San Juan,Colorado,Low
Carroll,Kentucky,Low
Butler,Ohio,Low
Lake,California,High
Mercer,Kentucky,Low
Mason,Kentucky,Low
Clinton,Ohio,Low
Mineral,Colorado,Medium
Kit Carson,Colorado,Low
Macon,Missouri,Low
Martin,Kentucky,Low
Greenup,Kentucky,Low
Shawnee,Kansas,Low
Clark,Ohio,Low
Elk,Kansas,Medium
Sherman,Kansas,Low
Alleghany,Virginia,Low
Lyon,Kentucky,Low
Thomas,Kansas,Low
Linn,Missouri,Low
Jackson,Illinois,Low
Effingham,Illinois,Low
Bollinger,Missouri,Low
Clinton,Illinois,Low
Marshall,West Virginia,Low
Sheridan,Kansas,Low
Powell,Kentucky,Low
Lincoln,Kansas,Low
Daviess,Kentucky,Low
Delta,Colorado,Medium
Greene,Pennsylvania,Low
Cape Girardeau,Missouri,Low
Clay,Kansas,Low
Webster,West Virginia,Low
Metcalfe,Kentucky,Low
Robertson,Tennessee,Low
Gallatin,Illinois,Low
Wayne,Indiana,Low
Gloucester,Virginia,Low
Trimble,Kentucky,Low
Wabaunsee,Kansas,Medium
Cumberland,New Jersey,Medium
Madison,Kentucky,Medium
Mercer,West Virginia,Low
Sacramento,California,Low
Winchester,Virginia,Low
Juab,Utah,High
Saline,Illinois,Low
Dade,Missouri,Low
Lincoln,Colorado,Low
Miami,Kansas,Low
Jackson,Ohio,Low
Churchill,Nevada,Medium
King William,Virginia,Low
Jackson,Kentucky,High
Norton,Kansas,Low
Elbert,Colorado,Low
Cole,Missouri,Low
Ford,Kansas,Low
Meigs,Ohio,Low
Fresno,California,Medium
Phillips,Kansas,Low
Wyandotte,Kansas,Low
Pocahontas,West Virginia,Low
Sedgwick,Kansas,Low
Riley,Kansas,Low
Poquoson,Virginia,Low
Harrison,Indiana,Low
Washington,Kentucky,Low
Rawlins,Kansas,Low
Jennings,Indiana,Low
Lyon,Kansas,Medium
Hopkins,Kentucky,Low
Sumner,Tennessee,Low
Park,Colorado,Low
Barren,Kentucky,Low
Wayne,West Virginia,Medium
Goochland,Virginia,Low
Pike,Ohio,Low
Franklin,Kansas,Low
Montgomery,Tennessee,Low
Cheyenne,Kansas,Low
Chesterfield,Virginia,Low
Rooks,Kansas,Low
Perry,Missouri,Low
Floyd,Indiana,Low
Christian,Kentucky,Low
Crawford,Illinois,Low
Owen,Kentucky,Low
Macon,Tennessee,Low
Douglas,Colorado,Medium
Orange,Virginia,Low
Appomattox,Virginia,Low
Radford,Virginia,Low
Decatur,Kansas,Low
Jasper,Illinois,Low
Lewis,Kentucky,Low
Dunklin,Missouri,Low
Union,Kentucky,Low
Isle of Wight,Virginia,Low
Republic,Kansas,Low
Osborne,Kansas,Low
Northampton,Virginia,Low
Rowan,Kentucky,Low
Clay,Tennessee,Low
Wirt,West Virginia,Low
Gasconade,Missouri,Low
Dolores,Colorado,Medium
Pickett,Tennessee,Low
Casey,Kentucky,Low
Russell,Virginia,Low
Pottawatomie,Kansas,Medium
Doniphan,Kansas,Low
Greene,Indiana,Low
Linn,Kansas,Low
Osage,Missouri,Low
Stoddard,Missouri,Low
McDowell,West Virginia,Low
Graham,Kansas,Low
Bristol,Virginia,Low
Dallas,Missouri,Low
Lewis,West Virginia,Low
Charles,Maryland,Low
Anderson,Kansas,Low
Floyd,Virginia,Low
Mendocino,California,High
Crittenden,Kentucky,Low
Alameda,California,Medium
Sullivan,Tennessee,Low
Mitchell,Kansas,Low
Nye,Nevada,Medium
Mono,California,High
Jefferson,Kentucky,Low
Lunenburg,Virginia,Medium
Smith,Kansas,Low
Mariposa,California,High
Johnson,Tennessee,Low
Montgomery,Missouri,Low
Athens,Ohio,Low
Kane,Utah,High
Franklin,Missouri,Low
Sussex,Virginia,Low
Spotsylvania,Virginia,Low
Cedar,Missouri,Low
Jewell,Kansas,Low
Noble,Oklahoma,Low
Millard,Utah,Medium
Boone,Kentucky,Low
Owsley,Kentucky,Medium
Dorchester,Maryland,Low
Hampton,Virginia,Low
Magoffin,Kentucky,Low
Washington,Kansas,Low
King George,Virginia,Low
Scott,Tennessee,Low
Caroline,Maryland,Low
Culpeper,Virginia,Low
Carter,Missouri,Low
Hampshire,West Virginia,Medium
Laclede,Missouri,Low
Rockcastle,Kentucky,Medium
Adams,Colorado,Low
Rogers,Oklahoma,Medium
Lincoln,West Virginia,Medium
Amador,California,High
Logan,Kansas,Low
Christian,Missouri,Low
Williamson,Illinois,Low
Knott,Kentucky,Low
Platte,Missouri,Low
Hancock,Tennessee,Medium
Trego,Kansas,Low
Scott,Kansas,Low
Mississippi,Missouri,Low
Franklin,Kentucky,Low
Nemaha,Kansas,Low
Summers,West Virginia,Low
Montgomery,Illinois,Low
Buchanan,Virginia,Low
Claiborne,Tennessee,Medium
Morgan,Missouri,Low
Ellis,Kansas,Low
Bourbon,Kentucky,Low
Todd,Kentucky,Low
Gove,Kansas,Low
Wichita,Kansas,Low
Macoupin,Illinois,Low
Marshall,Kansas,Low
Mathews,Virginia,Low
Wolfe,Kentucky,Medium
Shelby,Kentucky,Low
Prince George's,Maryland,Low
Brown,Kansas,Low
Campbell,Tennessee,Low
Logan,Kentucky,Low
Lane,Kansas,Low
Ray,Missouri,Low
Amelia,Virginia,Medium
Estill,Kentucky,Low
Camden,New Jersey,Low
Pawnee,Kansas,Low
Ness,Kansas,Low
Ellis,Oklahoma,Low
Greene,Illinois,Low
Wallace,Kansas,Low
Wythe,Virginia,Low
Charles City,Virginia,Low
Lancaster,Virginia,Low
Ouray,Colorado,Medium
Greeley,Kansas,Low
Russell,Kansas,Low
Sangamon,Illinois,Low
Garfield,Oklahoma,Low
Douglas,Missouri,Low
Rio Grande,Colorado,Low
Webster,Missouri,Low
Marin,California,High
Dickinson,Kansas,Low
Hawkins,Tennessee,Low
Livingston,Missouri,Low
Grand,Utah,Medium
Fremont,Colorado,Low
Marshall,Kentucky,Low
Garrard,Kentucky,Medium
Wright,Missouri,Low
Fredericksburg,Virginia,Low
El Paso,Colorado,Low
Rush,Kansas,Low
Ashe,North Carolina,Low
Parke,Indiana,Low
Franklin,Indiana,Low
Polk,Missouri,Low
Teller,Colorado,High
Santa Clara,California,High
Bath,Kentucky,Low
Newton,Missouri,Low
Fentress,Tennessee,Low
Nevada,California,High
Shelby,Missouri,Low
Pratt,Kansas,Low
Barton,Kansas,Low
Alleghany,North Carolina,Low
Hancock,Indiana,Low
Taylor,Kentucky,Low
Randolph,West Virginia,Low
San Joaquin,California,Low
Ross,Ohio,Low
Howell,Missouri,Low
Amherst,Virginia,Low
Orange,Indiana,Low
Surry,North Carolina,Low
Jefferson,West Virginia,Low
Somerset,Maryland,Low
Marion,Missouri,Low
Campbell,Kentucky,Low
Knox,Kentucky,Medium
Giles,Virginia,Low
Putnam,West Virginia,Medium
Fulton,Kentucky,Low
San Francisco,California,Low
Noble,Ohio,Low
Clark,Illinois,Low
Halifax,Virginia,Low
Upshur,West Virginia,Low
Sumner,Kansas,Low
Pawnee,Oklahoma,Medium
Covington,Virginia,Low
Maries,Missouri,Low
Marion,Indiana,Low
Gilmer,West Virginia,Low
Lincoln,Nevada,High
Pleasants,West Virginia,Low
Brunswick,Virginia,Medium
Cowley,Kansas,Medium
Currituck,North Carolina,Low
Las Animas,Colorado,Low
Fairfield,Ohio,Low
Westmoreland,Virginia,Low
Montrose,Colorado,High
Harlan,Kentucky,Low
Douglas,Nevada,High
Lynchburg,Virginia,Low
Northampton,North Carolina,Low
Harrison,West Virginia,Low
Lexington,Virginia,Low
Albemarle,Virginia,Low
Hendricks,Indiana,Low
Clay,West Virginia,Low
Meade,Kansas,Low
Wyoming,West Virginia,Low
Hertford,North Carolina,Low
Smyth,Virginia,Low
Shenandoah,Virginia,Low
Owen,Indiana,Low
Trigg,Kentucky,Low
Botetourt,Virginia,Low
Clark,Kansas,Low
Camden,North Carolina,Low
Gilpin,Colorado,Low
Lawrence,Kentucky,Medium
Jackson,West Virginia,Low
St. Clair,Illinois,Low
Frederick,Virginia,Medium
Green,Kentucky,Low
Buckingham,Virginia,Low
Navajo,Arizona,Medium
Kenton,Kentucky,Low
Dent,Missouri,Low
Perry,Ohio,Low
Elliott,Kentucky,Low
Gates,North Carolina,Low
Clay,Missouri,Low
Kanawha,West Virginia,Low
Barber,Kansas,Low
Coconino,Arizona,Medium
Mineral,Nevada,Medium
Middlesex,Virginia,Low
Warren,North Carolina,Medium
James City,Virginia,Low
Doddridge,West Virginia,Low
Montgomery,Ohio,Low
Madison,Virginia,Low
Bath,Virginia,Low
Craig,Oklahoma,Low
Jackson,Indiana,Low
Madera,California,High
Preble,Ohio,Low
Stokes,North Carolina,Low
Taylor,West Virginia,Low
Nowata,Oklahoma,Medium
Inyo,California,Low
Greenbrier,West Virginia,Low
Floyd,Kentucky,Low
Kiowa,Colorado,Low
Caswell,North Carolina,Low
Summit,Colorado,Low
Callaway,Missouri,Low
Ottawa,Oklahoma,Low
Decatur,Indiana,Low
Hart,Kentucky,Low
Pike,Kentucky,Low
Camden,Missouri,Low
Rockingham,North Carolina,Low
Wayne,Illinois,Low
Douglas,Kansas,Low
Colusa,California,Medium
Osage,Oklahoma,Medium
Eagle,Colorado,Medium
Cumberland,Virginia,Low
Granville,North Carolina,Low
Clark,Indiana,Low
Perry,Kentucky,Low
Fayette,West Virginia,Low
Jefferson,Kansas,Low
El Dorado,California,High
Kay,Oklahoma,Low
Jefferson,Colorado,Medium
Buena Vista,Virginia,Low
Person,North Carolina,Low
McPherson,Kansas,Low
Campbell,Virginia,Low
Prowers,Colorado,Low
Leavenworth,Kansas,Low
Iron,Missouri,Low
Fairfax County,Virginia,Low
Washington,Oklahoma,Medium
Edgar,Illinois,Low
Wood,West Virginia,Low
Robertson,Kentucky,Low
Vance,North Carolina,Low
Archuleta,Colorado,High
Alamosa,Colorado,Low
Cooper,Missouri,Low
Perry,Indiana,Low
Saline,Missouri,Low
Union,New Mexico,Medium
Douglas,Illinois,Low
Henry,Kentucky,Low
Ohio,Kentucky,Low
Bent,Colorado,Low
Greene,Missouri,Low
San Juan,New Mexico,Low
Chaffee,Colorado,Low
Overton,Tennessee,Low
Gloucester,New Jersey,Low
Calhoun,Illinois,Low
Marion,Kansas,Low
Adams,Ohio,Low
Rio Arriba,New Mexico,High
Stanton,Kansas,Low
White,Illinois,Low
Shannon,Missouri,Low
Jackson,Tennessee,Low
Morgan,Illinois,Low
Ritchie,West Virginia,Low
Stafford,Virginia,Low
Calhoun,West Virginia,Low
Hamilton,Illinois,Low
Alfalfa,Oklahoma,Low
Mayes,Oklahoma,Medium
Haskell,Kansas,Low
Livingston,Kentucky,Low
Putnam,Indiana,Low
Cabell,West Virginia,Medium
Johnson,Kansas,Low
Vinton,Ohio,Low
Halifax,North Carolina,Low
Hamilton,Kansas,Low
Grant,Kansas,Low
Muhlenberg,Kentucky,Low
Highland,Virginia,Low
Grant,Oklahoma,Low
Larue,Kentucky,Low
Sevier,Utah,High
Monroe,Ohio,Low
Kent,Maryland,Low
Harrison,Kentucky,Low
Kearny,Kansas,Low
Major,Oklahoma,Low
Roanoke County,Virginia,Low
Kiowa,Kansas,Low
Beaver,Utah,High
Cimarron,Oklahoma,Low
Greene,Ohio,Low
Warren,Virginia,Low
Cumberland,Illinois,Low
Otero,Colorado,Low
Pasquotank,North Carolina,Low
Wilson,Kansas,Low
Prince Edward,Virginia,Low
Pike,Illinois,Low
Woods,Oklahoma,Medium
Cheyenne,Colorado,Low
Edwards,Illinois,Low
Carter,Tennessee,Low
Neosho,Kansas,Low
Butler,Kentucky,Low
Lake,Colorado,Low
Custer,Colorado,Low
Wabash,Illinois,Low
Gallia,Ohio,Low
Mohave,Arizona,Medium
Marion,Kentucky,Low
Lake,Tennessee,Low
Conejos,Colorado,Low
Highland,Ohio,Low
Clear Creek,Colorado,Low
Ohio,Indiana,Low
Finney,Kansas,Low
Henry,Missouri,Low
Obion,Tennessee,Low
Kingman,Kansas,Low
Wayne,Kentucky,Low
New Castle,Delaware,Low
Baltimore City,Maryland,Low
Stevens,Kansas,Low
Stafford,Kansas,Low
Bond,Illinois,Low
Nicholas,West Virginia,Low
Morton,Kansas,Low
Weakley,Tennessee,Low
Beaver,Oklahoma,Low
Christian,Illinois,Low
Hodgeman,Kansas,Low
Kent,Delaware,Low
Caroline,Virginia,Low
Buchanan,Missouri,Low
Wicomico,Maryland,Low
Mason,West Virginia,Low
Seward,Kansas,Low
Texas,Oklahoma,Low
Henry,Tennessee,Low
Howard,Maryland,Low
Warrick,Indiana,Low
Carbon,Utah,Medium
Sanpete,Utah,High
Trousdale,Tennessee,Low
Mesa,Colorado,High
Pike,Indiana,Low
Southampton,Virginia,Low
Scioto,Ohio,Low
Harper,Kansas,Low
Posey,Indiana,Low
Pickaway,Ohio,Low
Fauquier,Virginia,Low
Pitkin,Colorado,Low
Benton,Missouri,Low
Boone,West Virginia,Low
Apache,Arizona,Medium
Montgomery,Kansas,Low
Denver,Colorado,Low
Lipscomb,Texas,Low
Madison,Illinois,Low
Randolph,Illinois,Low
Labette,Kansas,Low
Harper,Oklahoma,High
Montgomery,Maryland,Low
Sherman,Texas,Low
Glenn,California,High
St. Clair,Missouri,Low
Oldham,Kentucky,Low
Warren,Missouri,Low
Taos,New Mexico,Medium
Comanche,Kansas,Medium
Moultrie,Illinois,Low
Clay,Arkansas,Low
Perry,Illinois,Low
Lawrence,Indiana,Low
Scott,Illinois,Low
Colfax,New Mexico,Medium
Audrain,Missouri,Low
Caldwell,Kentucky,Low
Dallam,Texas,Low
Fleming,Kentucky,Low
Crawford,Missouri,Low
District of Columbia,District of Columbia,Low
Rush,Indiana,Low
Stone,Missouri,Low
York,Virginia,Low
Hansford,Texas,Low
Howard,Missouri,Low
Fayette,Kentucky,Low
St. Charles,Missouri,Low
Gibson,Indiana,Low
Fayette,Indiana,Low
San Benito,California,High
Montgomery,Virginia,Low
Baxter,Arkansas,Low
Washington,Missouri,Low
Caldwell,Missouri,Low
Whitley,Kentucky,Medium
Saline,Kansas,Low
Jasper,Missouri,Low
Fulton,Arkansas,Low
Salem,New Jersey,Low
Spencer,Indiana,Low
Pulaski,Kentucky,Low
Carlisle,Kentucky,Low
Sharp,Arkansas,Low
Sussex,Delaware,Low
Sierra,California,High
Meade,Kentucky,Low
Clay,Kentucky,Low
Norfolk,Virginia,Low
Randolph,Arkansas,Low
Pendleton,West Virginia,Low
Morgan,Ohio,Low
Montgomery,Kentucky,Low
Bedford City,Virginia,Low
McCreary,Kentucky,Low
Benton,Arkansas,Medium
Talbot,Maryland,Low
Clinton,Missouri,Low
Massac,Illinois,Low
Bell,Kentucky,Low
Woodford,Kentucky,Low
Lyon,Nevada,Medium
Marion,Arkansas,Low
Alexander,Illinois,Low
Roane,West Virginia,Low
Staunton,Virginia,Low
Norton,Virginia,Low
Union,Indiana,Low
Carroll,Arkansas,Low
Tazewell,Virginia,Low
Pettis,Missouri,Low
Graves,Kentucky,Low
Vanderburgh,Indiana,Low
Boone,Arkansas,Low
Arapahoe,Colorado,Low
Pulaski,Illinois,Low
Prince William,Virginia,Low
Harvey,Kansas,Low
Cumberland,Kentucky,Low
Ochiltree,Texas,Low
Cherokee,Kansas,Low
Reno,Kansas,Low
Atlantic,New Jersey,High
Allen,Kentucky,Low
Kings,California,Low
Edmonson,Kentucky,Low
Greenwood,Kansas,Medium
Virginia Beach,Virginia,Low
Cheatham,Tennessee,Low
Laurel,Kentucky,High
Essex,Virginia,Low
Carroll,Virginia,Low
Washington,Tennessee,Low
Barry,Missouri,Low
Solano,California,Low
Union,Tennessee,Low
Washington,Virginia,Low
Butler,Missouri,Low
Tulsa,Oklahoma,Low
Suffolk,Virginia,Low
Phelps,Missouri,Low
Spencer,Kentucky,Low
Monterey,California,High
Wilkes,North Carolina,Low
San Miguel,Colorado,Medium
Pemiscot,Missouri,Low
Louisa,Virginia,Low
Smith,Tennessee,Low
Garfield,Utah,Medium
Hinsdale,Colorado,Medium
Iron,Utah,High
Franklin,Illinois,Low
Monroe,West Virginia,Low
Lee,Kentucky,Medium
Boyle,Kentucky,Low
Henrico,Virginia,Low
San Mateo,California,High
Johnson,Missouri,Low
Breathitt,Kentucky,Low
Washington,Maryland,Low
Arlington,Virginia,Low
Powhatan,Virginia,Low
Allegany,Maryland,Low
Switzerland,Indiana,Low
Cecil,Maryland,Low
Yolo,California,Low
Garrett,Maryland,Low
Alpine,California,High
McLean,Kentucky,Low
Harford,Maryland,Low
Jefferson,Indiana,Low
Crawford,Kansas,Low
Moniteau,Missouri,Low
Monongalia,West Virginia,Low
Preston,West Virginia,Low
Clay,Illinois,Low
Carroll,Maryland,Low
Knox,Indiana,Low
Baltimore County,Maryland,Low
Martin,Indiana,Low
Craig,Virginia,Low
Wetzel,West Virginia,Low
Webster,Kentucky,Low
Daviess,Indiana,Low
Frederick,Maryland,Low
Barton,Missouri,Low
Prince George,Virginia,Low
Fayette,Ohio,Low
Braxton,West Virginia,Low
Madison,Missouri,Low
Roanoke City,Virginia,Low
Chariton,Missouri,Low
Falls Church,Virginia,Low
Shelby,Indiana,Low
St. Louis County,Missouri,Low
Hopewell,Virginia,Low
Baca,Colorado,Low
Pendleton,Kentucky,Low
Emery,Utah,Low
Leslie,Kentucky,Low
Fairfax City,Virginia,Low
Costilla,Colorado,Low
Morgan,West Virginia,Medium
Salem,Virginia,Low
Gallatin,Kentucky,Low
Coles,Illinois,Low
Morris,Kansas,Medium
Lincoln,Kentucky,Low
Adair,Kentucky,Low
Ralls,Missouri,Low
Osage,Kansas,Low
Wayne,Missouri,Low
Montezuma,Colorado,High
Monroe,Missouri,Low
Ellsworth,Kansas,Medium
Bland,Virginia,Low
Rappahannock,Virginia,Low
Shelby,Illinois,Low
Lawrence,Illinois,Low
Dickenson,Virginia,Low
Hocking,Ohio,Low
La Plata,Colorado,High
Richland,Illinois,Low
Napa,California,High
Chautauqua,Kansas,High
Cloud,Kansas,Low
New Kent,Virginia,Low
Sonoma,California,High
Atchison,Kansas,Low
Greensville,Virginia,Low
Nottoway,Virginia,Low
Jackson,Kansas,Low
Mecklenburg,Virginia,Low
Alexandria,Virginia,Low
Colonial Heights,Virginia,Low
Lee,Virginia,Medium
Rockingham,Virginia,Low
Mineral,West Virginia,Low
Merced,California,High
Williamsburg,Virginia,Low
Simpson,Kentucky,Low
Lawrence,Ohio,Low
Scott,Virginia,Low
Washington,Ohio,Low
Lawrence,Missouri,Low
Cass,Missouri,Low
Marion,West Virginia,Low
Santa Cruz,California,High
Clinton,Kentucky,Low
Johnson,Indiana,Low
Oregon,Missouri,Low
Dinwiddie,Virginia,Low
Morgan,Indiana,Low
Patrick,Virginia,Low
Letcher,Kentucky,Low
New Madrid,Missouri,Low
Scott,Missouri,Low
Bartholomew,Indiana,Low
Chesapeake,Virginia,Low
Charlotte,Virginia,Low
Clark,Nevada,Medium
Surry,Virginia,Low
Henry,Virginia,Low
Grayson,Kentucky,Low
Dubois,Indiana,Low
Petersburg,Virginia,Low
Bedford County,Virginia,Low
Monroe,Kentucky,Low
Pulaski,Virginia,Low
Monroe,Illinois,Low
Brown,Indiana,Low
Newport News,Virginia,Low
Washington,Utah,High
Portsmouth,Virginia,Low
Monroe,Indiana,Low
Franklin County,Virginia,Low
Pueblo,Colorado,Low
Hardin,Illinois,Low
Grant,West Virginia,Low
Ballard,Kentucky,Low
Ripley,Missouri,Low
Richmond City,Virginia,Low
Chase,Kansas,High
Cape May,New Jersey,High
Taney,Missouri,Low
McCracken,Kentucky,Low
Pope,Illinois,Low
Rice,Kansas,Low
Loudoun,Virginia,Low
Woodward,Oklahoma,Low
Wise,Virginia,Low
Crowley,Colorado,Low
Texas,Missouri,Low
Dearborn,Indiana,Low
Grayson,Virginia,Low
Warren,Kentucky,Low
Union,Illinois,Low
Placer,California,High
Ozark,Missouri,Low
St. Mary's,Maryland,Low
Johnson,Illinois,Low
Russell,Kentucky,Low
Hamilton,Ohio,Low
Hickman,Kentucky,Low
Washington,Illinois,Low
McDonald,Missouri,Low
Ottawa,Kansas,Low
Carter,Kentucky,Low
Calloway,Kentucky,Low
Ripley,Indiana,Low
Wayne,Utah,Low
Tulare,California,High
Sutter,California,Low
Emporia,Virginia,Low
Barbour,West Virginia,Low
Martinsville,Virginia,Low
Piute,Utah,High
Galax,Virginia,Low
Calaveras,California,High
Franklin City,Virginia,Low
Lafayette,Missouri,Low
Boyd,Kentucky,Low
Stewart,Tennessee,Low
Jefferson,Missouri,Low
Queen Anne's,Maryland,Low
Delaware,Oklahoma,Medium
Tucker,West Virginia,Low
San Juan,Utah,Medium
Clarke,Virginia,Low
Scott,Kentucky,Low
Clermont,Ohio,Low
Augusta,Virginia,Low
Carson City,Nevada,High
Jefferson,Illinois,Low
Sullivan,Indiana,Low
Greene,Virginia,Low
Jersey,Illinois,Low
Grainger,Tennessee,Medium
Bates,Missouri,Low
Gunnison,Colorado,Low
Greene,Tennessee,Low
Harrisonburg,Virginia,Low
Boone,Missouri,Low
Davidson,Tennessee,Low
Brown,Ohio,Low
Watauga,North Carolina,Low
Saguache,Colorado,Low
Perquimans,North Carolina,Low
Hardy,West Virginia,Low
Nicholas,Kentucky,Low
Houston,Tennessee,Low
Jackson,Missouri,Low
Esmeralda,Nevada,Low
Morgan,Tennessee,Low
Anne Arundel,Maryland,Low
Worcester,Maryland,Low
Benton,Tennessee,Low
Tuolumne,California,High
Lincoln,Missouri,Low
Fayette,Illinois,Low
Coffey,Kansas,Low
Wilson,Tennessee,Low
Miller,Missouri,Low
Crawford,Indiana,Low
Hamblen,Tennessee,Low
Chowan,North Carolina,Low
Dickson,Tennessee,Low
Anderson,Kentucky,Low
Putnam,Tennessee,Low
Ste. Genevieve,Missouri,Low
Madison,Arkansas,Low
Morgan,Kentucky,Medium
Bullitt,Kentucky,Low
Anderson,Tennessee,Low
Clark,Kentucky,Low
Avery,North Carolina,Low
Richmond County,Virginia,Low
Yadkin,North Carolina,Low
Contra Costa,California,Low
Greene,Arkansas,Low
Waynesboro,Virginia,Low
Mora,New Mexico,Medium
Butler,Kansas,Medium
Lawrence,Arkansas,Low
Rockbridge,Virginia,Low
Franklin,North Carolina,Medium
Izard,Arkansas,Low
St. Francois,Missouri,Low
Stanislaus,California,High
Unicoi,Tennessee,Low
Forsyth,North Carolina,Low
Edwards,Kansas,Low
Hickory,Missouri,Low
Payne,Oklahoma,Medium
Charlottesville,Virginia,Low
Humphreys,Tennessee,Low
Menifee,Kentucky,Low
Guilford,North Carolina,Low
Alamance,North Carolina,Low
Vernon,Missouri,Low
Breckinridge,Kentucky,Low
Bertie,North Carolina,Low
Nelson,Virginia,Low
Woodson,Kansas,Low
Allen,Kansas,Low
Bourbon,Kansas,Low
Accomack,Virginia,Low
Northumberland,Virginia,Low
Logan,West Virginia,Low
Pulaski,Missouri,Low
Hardin,Kentucky,Low
Hanover,Virginia,Low
Fluvanna,Virginia,Low
Haskell,Texas,Low
Throckmorton,Texas,Low
Young,Texas,Medium
Lee,Alabama,Low
Kent,Texas,High
Lafayette,Louisiana,Low
Stonewall,Texas,Medium
Canadian,Oklahoma,Low
Taylor,Georgia,High
Ascension,Louisiana,Low
Franklin,Texas,Medium
Oklahoma,Oklahoma,Low
Hays,Texas,Low
Ouachita,Louisiana,Low
Otero,New Mexico,Medium
Marshall,Tennessee,Low
Taylor,Florida,High
Laurens,Georgia,High
Union,Arkansas,Medium
Cleburne,Arkansas,Low
Autauga,Alabama,Medium
St. John the Baptist,Louisiana,Low
Garza,Texas,High
Coffee,Tennessee,Low
Dallas,Alabama,Low
Wakulla,Florida,High
Lynn,Texas,Low
Poinsett,Arkansas,Low
Smith,Texas,High
Terry,Texas,Low
Bedford,Tennessee,Low
Peach,Georgia,Medium
Edwards,Texas,Low
Holmes,Mississippi,Medium
Swain,North Carolina,Low
Houston,Georgia,Medium
Val Verde,Texas,Low
Yoakum,Texas,Low
Monroe,Tennessee,Low
Hopkins,Texas,Medium
Richland,Louisiana,Low
Kerr,Texas,Low
Lewis,Tennessee,Low
Morris,Texas,High
Greene,North Carolina,Low
Spalding,Georgia,Medium
Lafayette,Florida,High
Gregg,Texas,Medium
McMinn,Tennessee,Low
Waller,Texas,Low
Okfuskee,Oklahoma,Medium
St. Johns,Florida,High
Humphreys,Mississippi,Low
Bulloch,Georgia,Medium
Dorchester,South Carolina,High
Sequoyah,Oklahoma,Medium
Orange,Texas,Low
Scott,Mississippi,Medium
Glascock,Georgia,High
Gulf,Florida,High
Tipton,Tennessee,Low
Warren,Mississippi,Low
Jefferson,Georgia,High
Clay,Florida,High
Potter,Texas,High
Cass,Texas,High
Luna,New Mexico,Low
Carson,Texas,Low
Jefferson,Texas,High
Burke,Georgia,High
Muscogee,Georgia,Low
Attala,Mississippi,High
Gray,Texas,Medium
Fayette,Texas,Low
Macon,Alabama,Low
Noxubee,Mississippi,Low
Harris,Texas,Low
Wheeler,Texas,High
Rankin,Mississippi,Low
Winston,Mississippi,Medium
St. James,Louisiana,Low
Bibb,Alabama,Medium
Oldham,Texas,High
Orleans,Louisiana,Low
Effingham,Georgia,High
Washington,Georgia,High
Lee,North Carolina,High
Vermilion,Louisiana,Medium
Bienville,Louisiana,Medium
Union,Florida,High
Rutherford,North Carolina,Low
Meriwether,Georgia,Medium
Lauderdale,Mississippi,Medium
Bradford,Florida,High
Chester,Tennessee,Low
Troup,Georgia,Low
Newton,Mississippi,Medium
Kendall,Texas,Low
Wayne,North Carolina,Low
Bleckley,Georgia,High
Grant,New Mexico,High
Harnett,North Carolina,High
Austin,Texas,Low
Lamar,Georgia,Medium
Hinds,Mississippi,Low
Sequatchie,Tennessee,High
St. Charles,Louisiana,Medium
Monroe,Georgia,Medium
Cleveland,North Carolina,Medium
Madison,Louisiana,Low
Real,Texas,Low
Pike,Georgia,Medium
McIntosh,Oklahoma,Low
Johnson,Texas,Low
Assumption,Louisiana,Low
Marion,Georgia,High
Baldwin,Georgia,Medium
Lincoln,North Carolina,Medium
Caldwell,Texas,Low
Hood,Texas,Medium
Jones,Georgia,Medium
Caddo,Oklahoma,Low
Cameron,Louisiana,High
Ellis,Texas,Low
St. Bernard,Louisiana,High
Colleton,South Carolina,High
Grundy,Tennessee,High
Comal,Texas,Low
Candler,Georgia,High
Yavapai,Arizona,High
Greene,Alabama,Low
Franklin,Florida,High
Marengo,Alabama,Low
White,Arkansas,Low
Allendale,South Carolina,Medium
Chattahoochee,Georgia,High
Colorado,Texas,Low
Jackson,North Carolina,Low
Pima,Arizona,Medium
Chambers,Alabama,Medium
St. Mary,Louisiana,Low
Moore,North Carolina,High
Tallapoosa,Alabama,Low
Taylor,Texas,Low
Alachua,Florida,High
Gilchrist,Florida,High
Howard,Texas,Low
Mecklenburg,North Carolina,Low
Coosa,Alabama,Medium
Lafourche,Louisiana,Medium
Mitchell,Texas,Medium
Cabarrus,North Carolina,Low
Sharkey,Mississippi,Low
Bandera,Texas,Low
Beckham,Oklahoma,Low
Eastland,Texas,High
Plaquemines,Louisiana,Medium
Camp,Texas,High
Callahan,Texas,Medium
Chambers,Texas,High
Chilton,Alabama,Medium
Montgomery,North Carolina,High
Guadalupe,Texas,Low
DoÃ±a Ana,New Mexico,Low
Martin,Texas,Low
Stanly,North Carolina,Low
Wayne,Tennessee,Low
Putnam,Florida,High
Screven,Georgia,High
Andrews,Texas,Low
Yazoo,Mississippi,Low
Henderson,North Carolina,Low
Dixie,Florida,High
Nolan,Texas,High
Hampton,South Carolina,High
Shelby,Tennessee,Low
Fort Bend,Texas,Low
Erath,Texas,High
Caddo,Louisiana,Low
Washita,Oklahoma,Low
Russell,Alabama,Medium
Gonzales,Texas,Low
Charleston,South Carolina,High
Pottawatomie,Oklahoma,Medium
Macon,Georgia,High
Bossier,Louisiana,Medium
Treutlen,Georgia,High
Bexar,Texas,Low
Haskell,Oklahoma,Medium
Montgomery,Alabama,Low
Issaquena,Mississippi,Low
Hamilton,Tennessee,Medium
Jackson,Louisiana,Low
Medina,Texas,Low
Webster,Louisiana,Medium
Conway,Arkansas,Low
Claiborne,Louisiana,High
Cochise,Arizona,Medium
Dodge,Georgia,High
Flagler,Florida,High
Union,Louisiana,Low
Lawrence,Tennessee,Low
Iberia,Louisiana,Low
Schley,Georgia,High
Giles,Tennessee,Low
Hale,Alabama,Low
Lowndes,Alabama,Medium
Lavaca,Texas,Low
Wood,Texas,High
Graham,North Carolina,Low
Wharton,Texas,Low
Franklin,Louisiana,Low
Morehouse,Louisiana,Low
Seminole,Oklahoma,Medium
Uvalde,Texas,Low
Rusk,Texas,High
West Carroll,Louisiana,Low
Sebastian,Arkansas,Medium
East Carroll,Louisiana,Low
Pulaski,Georgia,Low
Kinney,Texas,Low
Wilkinson,Georgia,High
Cross,Arkansas,Low
Brazoria,Texas,Low
Palo Pinto,Texas,Medium
Panola,Texas,High
Woodruff,Arkansas,Low
Levy,Florida,High
Upson,Georgia,High
Crittenden,Arkansas,Low
Henderson,Texas,Low
Galveston,Texas,Low
Parker,Texas,High
Hardeman,Tennessee,Low
Montgomery,Georgia,High
Tarrant,Texas,Low
Toombs,Georgia,High
Marion,Florida,High
Hardin,Tennessee,Low
Dallas,Texas,Low
De Soto,Louisiana,Low
Logan,Arkansas,Low
Wilson,Texas,Low
Rockwall,Texas,Low
Volusia,Florida,High
Navarro,Texas,Low
Lenoir,North Carolina,Low
Sumter,Alabama,Low
DeWitt,Texas,Low
Somervell,Texas,Medium
Moore,Tennessee,Low
Rains,Texas,Low
Transylvania,North Carolina,Low
Terrebonne,Louisiana,Low
Choctaw,Alabama,Medium
Eddy,New Mexico,Low
Lake,Florida,High
Gaston,North Carolina,Low
Bullock,Alabama,Medium
Shackelford,Texas,Medium
Fayette,Tennessee,Low
Tattnall,Georgia,High
Jackson,Texas,Low
Wheeler,Georgia,High
Le Flore,Oklahoma,Medium
Atascosa,Texas,Low
Dooly,Georgia,Low
Polk,North Carolina,Low
Matagorda,Texas,Low
McNairy,Tennessee,Low
Caldwell,Louisiana,Medium
Cleveland,Oklahoma,Low
Karnes,Texas,Low
Hill,Texas,Low
Lincoln,Tennessee,Low
Wilcox,Alabama,Medium
Jefferson,Louisiana,Medium
Grady,Oklahoma,Low
Evans,Georgia,High
Faulkner,Arkansas,Low
Beaufort,South Carolina,High
Victoria,Texas,Low
Zavala,Texas,Low
Frio,Texas,Low
Walthall,Mississippi,High
Wilkes,Georgia,Medium
Cook,Georgia,Low
Franklin,Alabama,Low
Deaf Smith,Texas,Low
Avoyelles,Louisiana,Low
Hardeman,Texas,Low
Pike,Alabama,Low
Manatee,Florida,Medium
Richmond,North Carolina,High
Colquitt,Georgia,Medium
Simpson,Mississippi,High
St. Clair,Alabama,Low
Arkansas,Arkansas,Low
Okeechobee,Florida,High
York,South Carolina,Low
Houston,Alabama,Low
Lincoln,Georgia,Low
Lafayette,Mississippi,Medium
Kleberg,Texas,Low
Crenshaw,Alabama,Medium
Bell,Texas,Low
Clay,North Carolina,Low
Edgefield,South Carolina,High
St. Lucie,Florida,Low
Panola,Mississippi,Low
Baldwin,Alabama,High
Calhoun,Alabama,Medium
Sarasota,Florida,High
Copiah,Mississippi,High
Fairfield,South Carolina,High
St. Francis,Arkansas,Low
Escambia,Alabama,High
Jim Hogg,Texas,Low
Oconee,Georgia,Low
Crisp,Georgia,Low
Pickens,Georgia,Low
DeKalb,Georgia,Low
DeSoto,Florida,Medium
Kiowa,Oklahoma,Low
Miller,Georgia,Low
Franklin,Georgia,Medium
Hamilton,Texas,Medium
Zapata,Texas,Low
Coahoma,Mississippi,Low
Geneva,Alabama,Low
Red River,Texas,High
Greer,Oklahoma,Low
Brooks,Texas,Medium
Freestone,Texas,Low
Nevada,Arkansas,High
Lanier,Georgia,High
Darlington,South Carolina,Low
Long,Georgia,High
Perry,Arkansas,Low
Martin,Florida,Medium
Newton,Texas,High
Grayson,Texas,Low
Newberry,South Carolina,Medium
Cherokee,Alabama,Medium
Glades,Florida,High
Scott,Arkansas,Low
Cleburne,Alabama,Medium
Clinch,Georgia,High
Culberson,Texas,Low
Kenedy,Texas,Medium
Prairie,Arkansas,Low
Reeves,Texas,Low
Lee,Mississippi,Low
Orange,California,Medium
Mobile,Alabama,High
Charlotte,Florida,High
Pickens,South Carolina,Low
Cooke,Texas,Low
Camden,Georgia,High
Gila,Arizona,High
Loving,Texas,Low
Palm Beach,Florida,Low
Lonoke,Arkansas,Low
Jasper,Texas,High
Little River,Arkansas,Low
Quitman,Mississippi,Low
Hudspeth,Texas,Low
Latimer,Oklahoma,Medium
Hendry,Florida,High
Craven,North Carolina,High
Johnston,Oklahoma,Low
Polk,Texas,Medium
Clarendon,South Carolina,Medium
Starr,Texas,Low
El Paso,Texas,Low
Milam,Texas,Low
Lancaster,South Carolina,High
Carter,Oklahoma,Low
Lamar,Texas,Medium
Clarke,Alabama,Medium
Oconee,South Carolina,Low
Hidalgo,Texas,Low
Hot Spring,Arkansas,Medium
Quitman,Georgia,High
Walton,Georgia,Low
Jeff Davis,Texas,Low
Torrance,New Mexico,Low
Lee,Florida,Medium
McCurtain,Oklahoma,Medium
Fayette,Alabama,Medium
Shelby,Texas,Medium
Scotland,North Carolina,High
Cotton,Oklahoma,Low
Harmon,Oklahoma,Low
Catahoula,Louisiana,Low
Willacy,Texas,Low
Madison,Texas,Low
Haralson,Georgia,Medium
Hall,Georgia,Low
Grenada,Mississippi,Medium
Butler,Alabama,Medium
Pulaski,Arkansas,Low
Schleicher,Texas,Low
Collier,Florida,High
Grant,Arkansas,High
Fannin,Texas,Low
Lauderdale,Alabama,Low
Jeff Davis,Georgia,High
Menard,Texas,Low
Jefferson,Arkansas,Low
Cameron,Texas,Low
Appling,Georgia,High
Limestone,Alabama,Low
Williamsburg,South Carolina,High
Crockett,Texas,Low
Hart,Georgia,Medium
Terrell,Georgia,Low
Broward,Florida,High
Monroe,Arkansas,Low
Decatur,Georgia,High
Banks,Georgia,Medium
Calhoun,South Carolina,High
Miami-Dade,Florida,High
La Salle,Louisiana,High
Seminole,Georgia,Low
Alcorn,Mississippi,Medium
Abbeville,South Carolina,Medium
Monroe,Florida,Medium
Aiken,South Carolina,High
Randolph,Georgia,High
Grady,Georgia,High
Columbus,North Carolina,High
Tishomingo,Mississippi,High
Jefferson,Alabama,Medium
Cook,Minnesota,Medium
Thomas,Georgia,High
Lee,Georgia,Medium
King,Texas,High
Itawamba,Mississippi,Medium
Keweenaw,Michigan,Low
Tippah,Mississippi,Medium
Wayne,Mississippi,High
Brooks,Georgia,High
Wilbarger,Texas,Low
Dickens,Texas,Medium
Benton,Mississippi,Medium
Houghton,Michigan,Low
Charlton,Georgia,High
Bartow,Georgia,Medium
Jefferson,Mississippi,Medium
DeSoto,Mississippi,Low
Tyler,Texas,High
Crosby,Texas,Low
Cherokee,Georgia,Low
Ontonagon,Michigan,Low
Walker,Texas,Medium
McLennan,Texas,Low
Marshall,Mississippi,Medium
Greenwood,South Carolina,Low
Baraga,Michigan,Low
Rabun,Georgia,Low
Burnet,Texas,Medium
Chatham,Georgia,High
Lubbock,Texas,Low
Marquette,Michigan,Low
New Hanover,North Carolina,Medium
Lowndes,Georgia,High
Madison,Alabama,Low
Pointe Coupee,Louisiana,Low
Worth,Georgia,Medium
Archer,Texas,Medium
Gogebic,Michigan,Low
Pontotoc,Mississippi,Low
Jackson,Alabama,Low
Luce,Michigan,Medium
Hockley,Texas,Low
Nacogdoches,Texas,Medium
Pearl River,Mississippi,High
Lee,South Carolina,Medium
Alger,Michigan,Low
Whitfield,Georgia,Medium
Knox,Texas,Low
Brunswick,North Carolina,High
Washington,Louisiana,High
Turner,Georgia,Medium
Schoolcraft,Michigan,Low
Baylor,Texas,Low
Murray,Georgia,Medium
Howard,Arkansas,Low
Tangipahoa,Louisiana,High
Catoosa,Georgia,Medium
Pike,Arkansas,Low
Cochran,Texas,Low
St. Helena,Louisiana,High
Iron,Michigan,Low
Sabine,Louisiana,Medium
Dade,Georgia,High
Lincoln,New Mexico,Medium
East Feliciana,Louisiana,Medium
Ouachita,Arkansas,High
Vilas,Wisconsin,Low
Ben Hill,Georgia,High
Carroll,Georgia,Medium
Walker,Georgia,High
George,Mississippi,High
Monroe,Alabama,Medium
Dickinson,Michigan,Low
Clark,Arkansas,Medium
Jones,Mississippi,High
West Feliciana,Louisiana,Low
La Paz,Arizona,Low
Mackinac,Michigan,Low
Leflore,Mississippi,Low
Towns,Georgia,Low
Jackson,Florida,Medium
Clay,Mississippi,Low
Wayne,Georgia,High
Delta,Michigan,Low
Forsyth,Georgia,Low
Union,Georgia,Low
Holmes,Florida,Medium
Marion,Alabama,Medium
Fannin,Georgia,Low
Chippewa,Michigan,Low
Jones,Texas,Low
Limestone,Texas,Low
Evangeline,Louisiana,Low
Morgan,Georgia,Low
Motley,Texas,Medium
Forest,Wisconsin,Low
Onslow,North Carolina,High
Coffee,Georgia,High
Walton,Florida,High
Calhoun,Arkansas,High
Fisher,Texas,Low
Florence,Wisconsin,Low
Cullman,Alabama,Low
Pontotoc,Oklahoma,Low
Douglas,Georgia,Low
Grant,Louisiana,High
Menominee,Michigan,Low
Cottle,Texas,Medium
Brazos,Texas,Low
Curry,New Mexico,Medium
Drew,Arkansas,Low
Scurry,Texas,Medium
Covington,Mississippi,High
Mason,Texas,Low
Oneida,Wisconsin,Medium
Valencia,New Mexico,Low
Winston,Alabama,Low
Henry,Alabama,Low
Rockdale,Georgia,Low
Marinette,Wisconsin,Low
Clay,Georgia,Medium
Llano,Texas,Low
Borden,Texas,Medium
Floyd,Texas,Low
Robeson,North Carolina,Low
Greenlee,Arizona,High
Emmet,Michigan,Low
Jefferson Davis,Mississippi,High
Stone,Mississippi,High
Dawson,Texas,Low
Georgetown,South Carolina,High
Hale,Texas,Low
Lee,Arkansas,Low
Cheboygan,Michigan,Low
Williamson,Texas,Low
Irwin,Georgia,Low
Greene,Georgia,Medium
Lamb,Texas,Low
Lowndes,Mississippi,Low
Concordia,Louisiana,Low
Union,South Carolina,Medium
San Jacinto,Texas,Medium
Bailey,Texas,Low
Presque Isle,Michigan,Low
Newton,Georgia,Medium
Stephens,Texas,Medium
Lawrence,Mississippi,High
Colbert,Alabama,Low
Allen,Louisiana,High
Webster,Mississippi,Medium
Lincoln,Wisconsin,Low
Florence,South Carolina,Medium
Taliaferro,Georgia,Medium
Beauregard,Louisiana,High
Gaines,Texas,Low
Adams,Mississippi,Low
Ventura,California,High
Langlade,Wisconsin,Low
Horry,South Carolina,High
Bradley,Arkansas,Medium
Grimes,Texas,Low
Conecuh,Alabama,High
Jackson,Georgia,Low
Orangeburg,South Carolina,High
Tunica,Mississippi,Low
Oconto,Wisconsin,Low
Santa Cruz,Arizona,High
Bibb,Georgia,Low
Echols,Georgia,High
Marion,South Carolina,Medium
Charlevoix,Michigan,Low
Carteret,North Carolina,High
Bowie,Texas,Medium
Mills,Texas,Low
Maverick,Texas,Low
Jenkins,Georgia,High
Jefferson,Oklahoma,Low
Garvin,Oklahoma,Low
Lincoln,Mississippi,High
St. Landry,Louisiana,Low
Columbia,Georgia,Medium
Door,Wisconsin,Low
Citrus,Florida,High
Neshoba,Mississippi,Medium
Elbert,Georgia,Medium
Coryell,Texas,Low
Washington,Florida,High
Alpena,Michigan,Low
Leake,Mississippi,High
Saline,Arkansas,Medium
Talladega,Alabama,Medium
Sumter,Florida,Medium
Madison,Georgia,Low
Bacon,Georgia,High
Antrim,Michigan,Low
Kemper,Mississippi,Medium
Carroll,Mississippi,Medium
Goliad,Texas,Low
Nassau,Florida,High
Blount,Alabama,Low
DeKalb,Alabama,Medium
Tom Green,Texas,Low
Upshur,Texas,High
Otsego,Michigan,Low
Montgomery,Mississippi,Medium
Richland,South Carolina,Medium
Jackson,Mississippi,High
Seminole,Florida,Medium
Comanche,Oklahoma,Low
Montmorency,Michigan,Low
McDuffie,Georgia,High
Twiggs,Georgia,High
Live Oak,Texas,Low
Burleson,Texas,Low
Jackson,Oklahoma,Low
Washington,Alabama,High
Foard,Texas,Low
Leelanau,Michigan,Low
Madison,Mississippi,Medium
Orange,Florida,Medium
East Baton Rouge,Louisiana,Low
Marathon,Wisconsin,Low
Graham,Arizona,High
Bladen,North Carolina,High
McIntosh,Georgia,High
Etowah,Alabama,Low
Marion,Texas,High
Menominee,Wisconsin,Medium
Kimble,Texas,Low
Clayton,Georgia,Low
Bee,Texas,Low
Talbot,Georgia,High
Sevier,Arkansas,Medium
Dougherty,Georgia,Medium
Gilmer,Georgia,Low
Gadsden,Florida,High
Shawano,Wisconsin,Low
Hernando,Florida,Medium
Perry,Alabama,Medium
Henry,Georgia,Low
Lexington,South Carolina,High
St. Lawrence,New York,Low
St. Tammany,Louisiana,High
La Salle,Texas,Low
Ward,Texas,Low
Chester,South Carolina,Medium
Harris,Georgia,Medium
Kalkaska,Michigan,Low
McMullen,Texas,Low
Sutton,Texas,Low
Tuscaloosa,Alabama,Low
Habersham,Georgia,Medium
Yalobusha,Mississippi,Medium
Crawford,Georgia,High
Dimmit,Texas,Low
Crawford,Michigan,Medium
San Augustine,Texas,Medium
Leon,Florida,Medium
Warren,Georgia,High
Wichita,Texas,Low
Anderson,South Carolina,Low
Kaufman,Texas,Low
Harrison,Mississippi,High
Alcona,Michigan,Low
Brevard,Florida,High
Crane,Texas,Low
Fulton,Georgia,Low
Miller,Arkansas,Medium
Chesterfield,South Carolina,High
Van Zandt,Texas,Low
Grand Traverse,Michigan,Low
Upton,Texas,Low
Refugio,Texas,Low
Jefferson,Florida,Medium
Reagan,Texas,Low
Marshall,Oklahoma,Low
Pasco,Florida,Medium
Emanuel,Georgia,High
Oktibbeha,Mississippi,Low
Lawrence,Alabama,Low
Oscoda,Michigan,Medium
Leon,Texas,Low
Lincoln,Arkansas,Low
Brewster,Texas,Low
Polk,Florida,High
Marlboro,South Carolina,Medium
Lea,New Mexico,Medium
Benzie,Michigan,Low
Johnson,Georgia,High
Calhoun,Georgia,Low
Terrell,Texas,Low
Saluda,South Carolina,Medium
White,Georgia,Medium
Osceola,Florida,High
Franklin,Tennessee,Low
Kewaunee,Wisconsin,Low
Chicot,Arkansas,Low
Harrison,Texas,High
Coffee,Alabama,Low
Gwinnett,Georgia,Low
West Baton Rouge,Louisiana,Low
Calhoun,Texas,Low
Tate,Mississippi,Low
Comanche,Texas,Medium
Bradley,Tennessee,Low
Fayette,Georgia,Low
Hidalgo,New Mexico,Low
Portage,Wisconsin,Low
Cibola,New Mexico,Medium
Tensas,Louisiana,Low
Dale,Alabama,Low
Laurens,South Carolina,Medium
Webb,Texas,Low
Red River,Louisiana,Low
Waupaca,Wisconsin,Low
Elmore,Alabama,Low
Shelby,Alabama,Low
Pinellas,Florida,Low
McClain,Oklahoma,Low
Franklin,Mississippi,High
Garland,Arkansas,Low
Hillsborough,Florida,Low
Richmond,Georgia,Medium
Bryan,Georgia,High
Lincoln,Louisiana,Low
Marion,Tennessee,High
San Patricio,Texas,Low
Sabine,Texas,Medium
Aransas,Texas,Low
Pickens,Alabama,Low
De Baca,New Mexico,High
Jasper,Mississippi,Medium
Macon,North Carolina,Low
Jasper,South Carolina,High
Duval,Texas,Low
Houston,Texas,Medium
Clarke,Mississippi,Medium
Coal,Oklahoma,Medium
Sampson,North Carolina,Low
Jim Wells,Texas,Low
Tift,Georgia,Low
Smith,Mississippi,Medium
Prentiss,Mississippi,Medium
Pittsburg,Oklahoma,Medium
Indian River,Florida,Medium
Nueces,Texas,Low
Claiborne,Mississippi,Low
Hardee,Florida,High
Pamlico,North Carolina,High
Concho,Texas,Low
Highlands,Florida,High
Stewart,Georgia,High
Webster,Georgia,High
Yell,Arkansas,Low
Hughes,Oklahoma,Low
Sumter,Georgia,Medium
Cherokee,North Carolina,Low
Bosque,Texas,Low
Polk,Tennessee,Low
Barbour,Alabama,Medium
Cumberland,North Carolina,High
Jones,North Carolina,High
Winn,Louisiana,High
Bernalillo,New Mexico,Medium
Natchitoches,Louisiana,Medium
Cherokee,Texas,High
Guadalupe,New Mexico,Low
Telfair,Georgia,High
Greenville,South Carolina,Low
Wilcox,Georgia,High
Union,North Carolina,Low
Sterling,Texas,Medium
Anson,North Carolina,High
Liberty,Georgia,High
Hoke,North Carolina,High
Glasscock,Texas,Low
Spartanburg,South Carolina,Low
Midland,Texas,Low
Hyde,North Carolina,Medium
Coke,Texas,Medium
Winkler,Texas,Low
Duplin,North Carolina,Low
Ector,Texas,Low
Cherokee,South Carolina,Medium
Runnels,Texas,Low
Randall,Texas,Low
Coleman,Texas,Low
Armstrong,Texas,Medium
Brown,Texas,Medium
Collingsworth,Texas,Medium
Anderson,Texas,Medium
Donley,Texas,High
Washington,Mississippi,Low
Tallahatchie,Mississippi,Low
Brown,Wisconsin,Low
Livingston,Louisiana,Medium
Calhoun,Mississippi,Low
Hancock,Mississippi,High
Outagamie,Wisconsin,Low
Manistee,Michigan,Low
Choctaw,Mississippi,Medium
Covington,Alabama,Medium
Montgomery,Arkansas,Low
Jasper,Georgia,Medium
Iosco,Michigan,Medium
Madison,Florida,High
Bryan,Oklahoma,Low
Berkeley,South Carolina,High
Irion,Texas,Medium
Presidio,Texas,Low
Wexford,Michigan,Low
Parmer,Texas,Low
Choctaw,Oklahoma,Medium
Pierce,Georgia,High
Missaukee,Michigan,Low
Coweta,Georgia,Medium
Sumter,South Carolina,Medium
Castro,Texas,Low
Angelina,Texas,Medium
Travis,Texas,Low
Dallas,Arkansas,High
San Diego,California,High
Roscommon,Michigan,Low
Montgomery,Texas,Medium
Swisher,Texas,Low
Falls,Texas,Low
Briscoe,Texas,Medium
Clay,Texas,High
Ogemaw,Michigan,Low
Hamilton,Florida,High
Randolph,Alabama,Medium
Early,Georgia,Medium
Childress,Texas,Low
Calhoun,Florida,High
Hall,Texas,Medium
Barrow,Georgia,Low
Jefferson,New York,Low
Polk,Arkansas,Low
Clay,Alabama,Medium
Rapides,Louisiana,Medium
McCulloch,Texas,Low
Manitowoc,Wisconsin,Low
Desha,Arkansas,Low
Liberty,Florida,High
San Saba,Texas,Low
Yuma,Arizona,Low
Pender,North Carolina,High
Lumpkin,Georgia,Low
Adams,Wisconsin,Low
Bolivar,Mississippi,Low
Columbia,Florida,High
Pushmataha,Oklahoma,Medium
Berrien,Georgia,High
Delta,Texas,Low
Atoka,Oklahoma,Medium
Cobb,Georgia,Low
Waushara,Wisconsin,Low
Baker,Florida,High
Stephens,Oklahoma,Low
Polk,Georgia,High
Ware,Georgia,High
Barnwell,South Carolina,High
Duval,Florida,Medium
Morgan,Alabama,Low
Winnebago,Wisconsin,Low
Chaves,New Mexico,Medium
Lafayette,Arkansas,Medium
Bay,Florida,High
Lampasas,Texas,Low
Stephens,Georgia,Low
Calumet,Wisconsin,Low
Monroe,Mississippi,Low
Lee,Texas,Low
Sierra,New Mexico,Medium
Paulding,Georgia,Low
Glynn,Georgia,High
Phillips,Arkansas,Low
Lewis,New York,Low
Los Angeles,California,High
Chickasaw,Mississippi,Low
Hardin,Texas,Medium
Mason,Michigan,Low
Baker,Georgia,Medium
Murray,Oklahoma,Low
Putnam,Georgia,Low
Gillespie,Texas,Low
Riverside,California,Medium
Lake,Michigan,Medium
Mitchell,Georgia,Medium
Tillman,Oklahoma,Low
McCormick,South Carolina,Medium
Blanco,Texas,Low
Pinal,Arizona,High
Osceola,Michigan,Low
Love,Oklahoma,Low
Marion,Mississippi,High
Gordon,Georgia,Medium
St. Martin,Louisiana,Low
Jack,Texas,High
Arenac,Michigan,Low
Lamar,Mississippi,High
Cleveland,Arkansas,Medium
Hancock,Georgia,High
Iberville,Louisiana,Low
Clare,Michigan,Low
Dillon,South Carolina,Low
Gladwin,Michigan,Low
Forrest,Mississippi,High
Columbia,Arkansas,High
Lamar,Alabama,Medium
Calcasieu,Louisiana,Medium
Dawson,Georgia,Low
Perry,Mississippi,High
Huron,Michigan,Low
Butts,Georgia,Medium
Clarke,Georgia,Low
Jefferson Davis,Louisiana,Low
Imperial,California,Low
Bay,Michigan,Low
Greene,Mississippi,High
Kershaw,South Carolina,High
Oglethorpe,Georgia,Medium
Liberty,Texas,Low
Marquette,Wisconsin,Medium
Union,Mississippi,Low
Green Lake,Wisconsin,Low
Atkinson,Georgia,High
Wise,Texas,Medium
Trinity,Texas,Medium
Maricopa,Arizona,Medium
Acadia,Louisiana,Low
Fond du Lac,Wisconsin,Low
Santa Barbara,California,High
Pecos,Texas,Low
Marshall,Alabama,Low
Denton,Texas,Low
Suwannee,Florida,High
Roosevelt,New Mexico,High
Sheboygan,Wisconsin,Low
Hempstead,Arkansas,Medium
Wilkinson,Mississippi,Medium
Bamberg,South Carolina,High
Bastrop,Texas,Medium
Catron,New Mexico,High
Midland,Michigan,Low
Vernon,Louisiana,High
Walker,Alabama,Medium
Heard,Georgia,Medium
Okaloosa,Florida,High
Oceana,Michigan,Low
Floyd,Georgia,High
Sunflower,Mississippi,Low
Brantley,Georgia,High
Hunt,Texas,Medium
Santa Rosa,Florida,High
Chattooga,Georgia,High
Montague,Texas,Medium
Washington,Texas,Low
Collin,Texas,Low
Robertson,Texas,Low
Socorro,New Mexico,Medium
Escambia,Florida,High
Ashley,Arkansas,Low
Amite,Mississippi,High
Titus,Texas,High
Pike,Mississippi,High
Isabella,Michigan,Low
Newaygo,Michigan,Low
Mecosta,Michigan,Low
Tuscola,Michigan,Low
Oswego,New York,Low
Sanilac,Michigan,Low
Columbia,Wisconsin,Low
Sauk,Wisconsin,Low
Dodge,Wisconsin,Low
Oneida,New York,Low
Saginaw,Michigan,Low
Washington,Wisconsin,Low
Ozaukee,Wisconsin,Low
Muskegon,Michigan,Low
Montcalm,Michigan,Low
Gratiot,Michigan,Low
Cayuga,New York,Low
Niagara,New York,Low
Orleans,New York,Low
Monroe,New York,Low
Wayne,New York,Low
Lapeer,Michigan,Low
Kent,Michigan,Low
Dane,Wisconsin,Low
Onondaga,New York,Low
Genesee,Michigan,Low
Ottawa,Michigan,Low
Jefferson,Wisconsin,Low
Waukesha,Wisconsin,Low
Milwaukee,Wisconsin,Low
Madison,New York,Low
St. Clair,Michigan,Low
Shiawassee,Michigan,Low
Genesee,New York,Low
Ionia,Michigan,Low
Clinton,Michigan,Low
Erie,New York,Low
Ontario,New York,Low
Seneca,New York,Low
Livingston,New York,Low
Macomb,Michigan,Low
Oakland,Michigan,Low
Wyoming,New York,Low
Green,Wisconsin,Low
Rock,Wisconsin,Low
Walworth,Wisconsin,Low
Racine,Wisconsin,Low
Cortland,New York,Low
Livingston,Michigan,Low
Ingham,Michigan,Low
Allegan,Michigan,Low
Eaton,Michigan,Low
Barry,Michigan,Low
Yates,New York,Low
Chenango,New York,Low
Kenosha,Wisconsin,Low
Tompkins,New York,Low
Steuben,New York,Low
Chautauqua,New York,Low
Schuyler,New York,Low
Cattaraugus,New York,Low
Allegany,New York,Low
Stephenson,Illinois,Low
Winnebago,Illinois,Low
McHenry,Illinois,Low
Boone,Illinois,Low
Lake,Illinois,Low
Wayne,Michigan,Low
Washtenaw,Michigan,Low
Jackson,Michigan,Low
Kalamazoo,Michigan,Low
Calhoun,Michigan,Low
Van Buren,Michigan,Low
Broome,New York,Low
Tioga,New York,Low
Chemung,New York,Low
Erie,Pennsylvania,Low
Berrien,Michigan,Low
Ogle,Illinois,Low
Carroll,Illinois,Low
Cook,Illinois,Low
Kane,Illinois,Low
DeKalb,Illinois,Low
Monroe,Michigan,Low
Lenawee,Michigan,Low
Hillsdale,Michigan,Low
Branch,Michigan,Low
St. Joseph,Michigan,Low
Cass,Michigan,Low
Bradford,Pennsylvania,Low
Tioga,Pennsylvania,Low
Warren,Pennsylvania,Low
Susquehanna,Pennsylvania,Low
McKean,Pennsylvania,Low
Potter,Pennsylvania,Low
DuPage,Illinois,Low
Ashtabula,Ohio,Low
Whiteside,Illinois,Low
Lee,Illinois,Low
Crawford,Pennsylvania,Low
Lake,Ohio,Low
LaPorte,Indiana,Low
St. Joseph,Indiana,Low
Elkhart,Indiana,Low
LaGrange,Indiana,Low
Steuben,Indiana,Low
Pittsylvania,Virginia,Low
Danville,Virginia,Low
Broomfield,Colorado,Low
